#,Name,Quest,,ShopItems,RewardType,,,,,,,,,
int32,str,Quest,byte,uint16,uint16,uint16,uint16,uint16,uint16,uint16,uint16,uint16,uint16,uint16
3866624,"",0,0,0,0,0,0,0,0,0,0,0,0,0
3866625,"交换能工巧匠改良用材料",69428,2,1,2,3,4,5,6,7,8,0,0,0
3866626,"収集品納品",67631,1,23,24,25,26,27,28,29,30,31,32,14
3866627,"●収集品回収",0,1,15,16,17,18,19,20,21,22,12,13,0
3866628,"交换最终改良用材料",69518,2,33,34,35,36,37,38,39,40,41,42,43
3866629,"交换老式辉煌工具用材料",69139,2,44,45,46,47,48,49,50,51,0,0,0
3866630,"交换辉煌工具用材料",69139,2,52,53,54,55,56,57,58,59,0,0,0
3866631,"递交交易资本",0,2,60,61,62,63,64,65,66,67,68,69,70
