#,HWDCrafterSupplyParams0ItemTradeIn,HWDCrafterSupplyParams1ItemTradeIn,HWDCrafterSupplyParams2ItemTradeIn,HWDCrafterSupplyParams3ItemTradeIn,HWDCrafterSupplyParams4ItemTradeIn,HWDCrafterSupplyParams5ItemTradeIn,HWDCrafterSupplyParams6ItemTradeIn,HWDCrafterSupplyParams7ItemTradeIn,HWDCrafterSupplyParams8ItemTradeIn,HWDCrafterSupplyParams9ItemTradeIn,HWDCrafterSupplyParams10ItemTradeIn,HWDCrafterSupplyParams11ItemTradeIn,HWDCrafterSupplyParams12ItemTradeIn,HWDCrafterSupplyParams13ItemTradeIn,HWDCrafterSupplyParams14ItemTradeIn,HWDCrafterSupplyParams15ItemTradeIn,HWDCrafterSupplyParams16ItemTradeIn,HWDCrafterSupplyParams17ItemTradeIn,HWDCrafterSupplyParams18ItemTradeIn,HWDCrafterSupplyParams19ItemTradeIn,HWDCrafterSupplyParams20ItemTradeIn,HWDCrafterSupplyParams21ItemTradeIn,HWDCrafterSupplyParams22ItemTradeIn,HWDCrafterSupplyParams0Level,HWDCrafterSupplyParams1Level,HWDCrafterSupplyParams2Level,HWDCrafterSupplyParams3Level,HWDCrafterSupplyParams4Level,HWDCrafterSupplyParams5Level,HWDCrafterSupplyParams6Level,HWDCrafterSupplyParams7Level,HWDCrafterSupplyParams8Level,HWDCrafterSupplyParams9Level,HWDCrafterSupplyParams10Level,HWDCrafterSupplyParams11Level,HWDCrafterSupplyParams12Level,HWDCrafterSupplyParams13Level,HWDCrafterSupplyParams14Level,HWDCrafterSupplyParams15Level,HWDCrafterSupplyParams16Level,HWDCrafterSupplyParams17Level,HWDCrafterSupplyParams18Level,HWDCrafterSupplyParams19Level,HWDCrafterSupplyParams20Level,HWDCrafterSupplyParams21Level,HWDCrafterSupplyParams22Level,HWDCrafterSupplyParams0LevelMax,HWDCrafterSupplyParams1LevelMax,HWDCrafterSupplyParams2LevelMax,HWDCrafterSupplyParams3LevelMax,HWDCrafterSupplyParams4LevelMax,HWDCrafterSupplyParams5LevelMax,HWDCrafterSupplyParams6LevelMax,HWDCrafterSupplyParams7LevelMax,HWDCrafterSupplyParams8LevelMax,HWDCrafterSupplyParams9LevelMax,HWDCrafterSupplyParams10LevelMax,HWDCrafterSupplyParams11LevelMax,HWDCrafterSupplyParams12LevelMax,HWDCrafterSupplyParams13LevelMax,HWDCrafterSupplyParams14LevelMax,HWDCrafterSupplyParams15LevelMax,HWDCrafterSupplyParams16LevelMax,HWDCrafterSupplyParams17LevelMax,HWDCrafterSupplyParams18LevelMax,HWDCrafterSupplyParams19LevelMax,HWDCrafterSupplyParams20LevelMax,HWDCrafterSupplyParams21LevelMax,HWDCrafterSupplyParams22LevelMax,HWDCrafterSupplyParams0Unknown0,HWDCrafterSupplyParams1Unknown0,HWDCrafterSupplyParams2Unknown0,HWDCrafterSupplyParams3Unknown0,HWDCrafterSupplyParams4Unknown0,HWDCrafterSupplyParams5Unknown0,HWDCrafterSupplyParams6Unknown0,HWDCrafterSupplyParams7Unknown0,HWDCrafterSupplyParams8Unknown0,HWDCrafterSupplyParams9Unknown0,HWDCrafterSupplyParams10Unknown0,HWDCrafterSupplyParams11Unknown0,HWDCrafterSupplyParams12Unknown0,HWDCrafterSupplyParams13Unknown0,HWDCrafterSupplyParams14Unknown0,HWDCrafterSupplyParams15Unknown0,HWDCrafterSupplyParams16Unknown0,HWDCrafterSupplyParams17Unknown0,HWDCrafterSupplyParams18Unknown0,HWDCrafterSupplyParams19Unknown0,HWDCrafterSupplyParams20Unknown0,HWDCrafterSupplyParams21Unknown0,HWDCrafterSupplyParams22Unknown0,HWDCrafterSupplyParams0BaseCollectableRating,HWDCrafterSupplyParams1BaseCollectableRating,HWDCrafterSupplyParams2BaseCollectableRating,HWDCrafterSupplyParams3BaseCollectableRating,HWDCrafterSupplyParams4BaseCollectableRating,HWDCrafterSupplyParams5BaseCollectableRating,HWDCrafterSupplyParams6BaseCollectableRating,HWDCrafterSupplyParams7BaseCollectableRating,HWDCrafterSupplyParams8BaseCollectableRating,HWDCrafterSupplyParams9BaseCollectableRating,HWDCrafterSupplyParams10BaseCollectableRating,HWDCrafterSupplyParams11BaseCollectableRating,HWDCrafterSupplyParams12BaseCollectableRating,HWDCrafterSupplyParams13BaseCollectableRating,HWDCrafterSupplyParams14BaseCollectableRating,HWDCrafterSupplyParams15BaseCollectableRating,HWDCrafterSupplyParams16BaseCollectableRating,HWDCrafterSupplyParams17BaseCollectableRating,HWDCrafterSupplyParams18BaseCollectableRating,HWDCrafterSupplyParams19BaseCollectableRating,HWDCrafterSupplyParams20BaseCollectableRating,HWDCrafterSupplyParams21BaseCollectableRating,HWDCrafterSupplyParams22BaseCollectableRating,HWDCrafterSupplyParams0MidCollectableRating,HWDCrafterSupplyParams1MidCollectableRating,HWDCrafterSupplyParams2MidCollectableRating,HWDCrafterSupplyParams3MidCollectableRating,HWDCrafterSupplyParams4MidCollectableRating,HWDCrafterSupplyParams5MidCollectableRating,HWDCrafterSupplyParams6MidCollectableRating,HWDCrafterSupplyParams7MidCollectableRating,HWDCrafterSupplyParams8MidCollectableRating,HWDCrafterSupplyParams9MidCollectableRating,HWDCrafterSupplyParams10MidCollectableRating,HWDCrafterSupplyParams11MidCollectableRating,HWDCrafterSupplyParams12MidCollectableRating,HWDCrafterSupplyParams13MidCollectableRating,HWDCrafterSupplyParams14MidCollectableRating,HWDCrafterSupplyParams15MidCollectableRating,HWDCrafterSupplyParams16MidCollectableRating,HWDCrafterSupplyParams17MidCollectableRating,HWDCrafterSupplyParams18MidCollectableRating,HWDCrafterSupplyParams19MidCollectableRating,HWDCrafterSupplyParams20MidCollectableRating,HWDCrafterSupplyParams21MidCollectableRating,HWDCrafterSupplyParams22MidCollectableRating,HWDCrafterSupplyParams0HighCollectableRating,HWDCrafterSupplyParams1HighCollectableRating,HWDCrafterSupplyParams2HighCollectableRating,HWDCrafterSupplyParams3HighCollectableRating,HWDCrafterSupplyParams4HighCollectableRating,HWDCrafterSupplyParams5HighCollectableRating,HWDCrafterSupplyParams6HighCollectableRating,HWDCrafterSupplyParams7HighCollectableRating,HWDCrafterSupplyParams8HighCollectableRating,HWDCrafterSupplyParams9HighCollectableRating,HWDCrafterSupplyParams10HighCollectableRating,HWDCrafterSupplyParams11HighCollectableRating,HWDCrafterSupplyParams12HighCollectableRating,HWDCrafterSupplyParams13HighCollectableRating,HWDCrafterSupplyParams14HighCollectableRating,HWDCrafterSupplyParams15HighCollectableRating,HWDCrafterSupplyParams16HighCollectableRating,HWDCrafterSupplyParams17HighCollectableRating,HWDCrafterSupplyParams18HighCollectableRating,HWDCrafterSupplyParams19HighCollectableRating,HWDCrafterSupplyParams20HighCollectableRating,HWDCrafterSupplyParams21HighCollectableRating,HWDCrafterSupplyParams22HighCollectableRating,HWDCrafterSupplyParams0BaseCollectableReward,HWDCrafterSupplyParams1BaseCollectableReward,HWDCrafterSupplyParams2BaseCollectableReward,HWDCrafterSupplyParams3BaseCollectableReward,HWDCrafterSupplyParams4BaseCollectableReward,HWDCrafterSupplyParams5BaseCollectableReward,HWDCrafterSupplyParams6BaseCollectableReward,HWDCrafterSupplyParams7BaseCollectableReward,HWDCrafterSupplyParams8BaseCollectableReward,HWDCrafterSupplyParams9BaseCollectableReward,HWDCrafterSupplyParams10BaseCollectableReward,HWDCrafterSupplyParams11BaseCollectableReward,HWDCrafterSupplyParams12BaseCollectableReward,HWDCrafterSupplyParams13BaseCollectableReward,HWDCrafterSupplyParams14BaseCollectableReward,HWDCrafterSupplyParams15BaseCollectableReward,HWDCrafterSupplyParams16BaseCollectableReward,HWDCrafterSupplyParams17BaseCollectableReward,HWDCrafterSupplyParams18BaseCollectableReward,HWDCrafterSupplyParams19BaseCollectableReward,HWDCrafterSupplyParams20BaseCollectableReward,HWDCrafterSupplyParams21BaseCollectableReward,HWDCrafterSupplyParams22BaseCollectableReward,HWDCrafterSupplyParams0MidCollectableReward,HWDCrafterSupplyParams1MidCollectableReward,HWDCrafterSupplyParams2MidCollectableReward,HWDCrafterSupplyParams3MidCollectableReward,HWDCrafterSupplyParams4MidCollectableReward,HWDCrafterSupplyParams5MidCollectableReward,HWDCrafterSupplyParams6MidCollectableReward,HWDCrafterSupplyParams7MidCollectableReward,HWDCrafterSupplyParams8MidCollectableReward,HWDCrafterSupplyParams9MidCollectableReward,HWDCrafterSupplyParams10MidCollectableReward,HWDCrafterSupplyParams11MidCollectableReward,HWDCrafterSupplyParams12MidCollectableReward,HWDCrafterSupplyParams13MidCollectableReward,HWDCrafterSupplyParams14MidCollectableReward,HWDCrafterSupplyParams15MidCollectableReward,HWDCrafterSupplyParams16MidCollectableReward,HWDCrafterSupplyParams17MidCollectableReward,HWDCrafterSupplyParams18MidCollectableReward,HWDCrafterSupplyParams19MidCollectableReward,HWDCrafterSupplyParams20MidCollectableReward,HWDCrafterSupplyParams21MidCollectableReward,HWDCrafterSupplyParams22MidCollectableReward,HWDCrafterSupplyParams0HighCollectableReward,HWDCrafterSupplyParams1HighCollectableReward,HWDCrafterSupplyParams2HighCollectableReward,HWDCrafterSupplyParams3HighCollectableReward,HWDCrafterSupplyParams4HighCollectableReward,HWDCrafterSupplyParams5HighCollectableReward,HWDCrafterSupplyParams6HighCollectableReward,HWDCrafterSupplyParams7HighCollectableReward,HWDCrafterSupplyParams8HighCollectableReward,HWDCrafterSupplyParams9HighCollectableReward,HWDCrafterSupplyParams10HighCollectableReward,HWDCrafterSupplyParams11HighCollectableReward,HWDCrafterSupplyParams12HighCollectableReward,HWDCrafterSupplyParams13HighCollectableReward,HWDCrafterSupplyParams14HighCollectableReward,HWDCrafterSupplyParams15HighCollectableReward,HWDCrafterSupplyParams16HighCollectableReward,HWDCrafterSupplyParams17HighCollectableReward,HWDCrafterSupplyParams18HighCollectableReward,HWDCrafterSupplyParams19HighCollectableReward,HWDCrafterSupplyParams20HighCollectableReward,HWDCrafterSupplyParams21HighCollectableReward,HWDCrafterSupplyParams22HighCollectableReward,HWDCrafterSupplyParams0BaseCollectableRewardPostPhase,HWDCrafterSupplyParams1BaseCollectableRewardPostPhase,HWDCrafterSupplyParams2BaseCollectableRewardPostPhase,HWDCrafterSupplyParams3BaseCollectableRewardPostPhase,HWDCrafterSupplyParams4BaseCollectableRewardPostPhase,HWDCrafterSupplyParams5BaseCollectableRewardPostPhase,HWDCrafterSupplyParams6BaseCollectableRewardPostPhase,HWDCrafterSupplyParams7BaseCollectableRewardPostPhase,HWDCrafterSupplyParams8BaseCollectableRewardPostPhase,HWDCrafterSupplyParams9BaseCollectableRewardPostPhase,HWDCrafterSupplyParams10BaseCollectableRewardPostPhase,HWDCrafterSupplyParams11BaseCollectableRewardPostPhase,HWDCrafterSupplyParams12BaseCollectableRewardPostPhase,HWDCrafterSupplyParams13BaseCollectableRewardPostPhase,HWDCrafterSupplyParams14BaseCollectableRewardPostPhase,HWDCrafterSupplyParams15BaseCollectableRewardPostPhase,HWDCrafterSupplyParams16BaseCollectableRewardPostPhase,HWDCrafterSupplyParams17BaseCollectableRewardPostPhase,HWDCrafterSupplyParams18BaseCollectableRewardPostPhase,HWDCrafterSupplyParams19BaseCollectableRewardPostPhase,HWDCrafterSupplyParams20BaseCollectableRewardPostPhase,HWDCrafterSupplyParams21BaseCollectableRewardPostPhase,HWDCrafterSupplyParams22BaseCollectableRewardPostPhase,HWDCrafterSupplyParams0MidCollectableRewardPostPhase,HWDCrafterSupplyParams1MidCollectableRewardPostPhase,HWDCrafterSupplyParams2MidCollectableRewardPostPhase,HWDCrafterSupplyParams3MidCollectableRewardPostPhase,HWDCrafterSupplyParams4MidCollectableRewardPostPhase,HWDCrafterSupplyParams5MidCollectableRewardPostPhase,HWDCrafterSupplyParams6MidCollectableRewardPostPhase,HWDCrafterSupplyParams7MidCollectableRewardPostPhase,HWDCrafterSupplyParams8MidCollectableRewardPostPhase,HWDCrafterSupplyParams9MidCollectableRewardPostPhase,HWDCrafterSupplyParams10MidCollectableRewardPostPhase,HWDCrafterSupplyParams11MidCollectableRewardPostPhase,HWDCrafterSupplyParams12MidCollectableRewardPostPhase,HWDCrafterSupplyParams13MidCollectableRewardPostPhase,HWDCrafterSupplyParams14MidCollectableRewardPostPhase,HWDCrafterSupplyParams15MidCollectableRewardPostPhase,HWDCrafterSupplyParams16MidCollectableRewardPostPhase,HWDCrafterSupplyParams17MidCollectableRewardPostPhase,HWDCrafterSupplyParams18MidCollectableRewardPostPhase,HWDCrafterSupplyParams19MidCollectableRewardPostPhase,HWDCrafterSupplyParams20MidCollectableRewardPostPhase,HWDCrafterSupplyParams21MidCollectableRewardPostPhase,HWDCrafterSupplyParams22MidCollectableRewardPostPhase,HWDCrafterSupplyParams0HighCollectableRewardPostPhase,HWDCrafterSupplyParams1HighCollectableRewardPostPhase,HWDCrafterSupplyParams2HighCollectableRewardPostPhase,HWDCrafterSupplyParams3HighCollectableRewardPostPhase,HWDCrafterSupplyParams4HighCollectableRewardPostPhase,HWDCrafterSupplyParams5HighCollectableRewardPostPhase,HWDCrafterSupplyParams6HighCollectableRewardPostPhase,HWDCrafterSupplyParams7HighCollectableRewardPostPhase,HWDCrafterSupplyParams8HighCollectableRewardPostPhase,HWDCrafterSupplyParams9HighCollectableRewardPostPhase,HWDCrafterSupplyParams10HighCollectableRewardPostPhase,HWDCrafterSupplyParams11HighCollectableRewardPostPhase,HWDCrafterSupplyParams12HighCollectableRewardPostPhase,HWDCrafterSupplyParams13HighCollectableRewardPostPhase,HWDCrafterSupplyParams14HighCollectableRewardPostPhase,HWDCrafterSupplyParams15HighCollectableRewardPostPhase,HWDCrafterSupplyParams16HighCollectableRewardPostPhase,HWDCrafterSupplyParams17HighCollectableRewardPostPhase,HWDCrafterSupplyParams18HighCollectableRewardPostPhase,HWDCrafterSupplyParams19HighCollectableRewardPostPhase,HWDCrafterSupplyParams20HighCollectableRewardPostPhase,HWDCrafterSupplyParams21HighCollectableRewardPostPhase,HWDCrafterSupplyParams22HighCollectableRewardPostPhase,HWDCrafterSupplyParams0TermName,HWDCrafterSupplyParams1TermName,HWDCrafterSupplyParams2TermName,HWDCrafterSupplyParams3TermName,HWDCrafterSupplyParams4TermName,HWDCrafterSupplyParams5TermName,HWDCrafterSupplyParams6TermName,HWDCrafterSupplyParams7TermName,HWDCrafterSupplyParams8TermName,HWDCrafterSupplyParams9TermName,HWDCrafterSupplyParams10TermName,HWDCrafterSupplyParams11TermName,HWDCrafterSupplyParams12TermName,HWDCrafterSupplyParams13TermName,HWDCrafterSupplyParams14TermName,HWDCrafterSupplyParams15TermName,HWDCrafterSupplyParams16TermName,HWDCrafterSupplyParams17TermName,HWDCrafterSupplyParams18TermName,HWDCrafterSupplyParams19TermName,HWDCrafterSupplyParams20TermName,HWDCrafterSupplyParams21TermName,HWDCrafterSupplyParams22TermName
int32,Item,Item,Item,Item,Item,Item,Item,Item,Item,Item,Item,Item,Item,Item,Item,Item,Item,Item,Item,Item,Item,Item,Item,byte,byte,byte,byte,byte,byte,byte,byte,byte,byte,byte,byte,byte,byte,byte,byte,byte,byte,byte,byte,byte,byte,byte,byte,byte,byte,byte,byte,byte,byte,byte,byte,byte,byte,byte,byte,byte,byte,byte,byte,byte,byte,byte,byte,byte,byte,byte,byte,byte,byte,byte,byte,byte,byte,byte,byte,byte,byte,byte,byte,byte,byte,byte,byte,byte,byte,byte,byte,byte,uint16,uint16,uint16,uint16,uint16,uint16,uint16,uint16,uint16,uint16,uint16,uint16,uint16,uint16,uint16,uint16,uint16,uint16,uint16,uint16,uint16,uint16,uint16,uint16,uint16,uint16,uint16,uint16,uint16,uint16,uint16,uint16,uint16,uint16,uint16,uint16,uint16,uint16,uint16,uint16,uint16,uint16,uint16,uint16,uint16,uint16,uint16,uint16,uint16,uint16,uint16,uint16,uint16,uint16,uint16,uint16,uint16,uint16,uint16,uint16,uint16,uint16,uint16,uint16,uint16,uint16,uint16,uint16,uint16,HWDCrafterSupplyReward,HWDCrafterSupplyReward,HWDCrafterSupplyReward,HWDCrafterSupplyReward,HWDCrafterSupplyReward,HWDCrafterSupplyReward,HWDCrafterSupplyReward,HWDCrafterSupplyReward,HWDCrafterSupplyReward,HWDCrafterSupplyReward,HWDCrafterSupplyReward,HWDCrafterSupplyReward,HWDCrafterSupplyReward,HWDCrafterSupplyReward,HWDCrafterSupplyReward,HWDCrafterSupplyReward,HWDCrafterSupplyReward,HWDCrafterSupplyReward,HWDCrafterSupplyReward,HWDCrafterSupplyReward,HWDCrafterSupplyReward,HWDCrafterSupplyReward,HWDCrafterSupplyReward,HWDCrafterSupplyReward,HWDCrafterSupplyReward,HWDCrafterSupplyReward,HWDCrafterSupplyReward,HWDCrafterSupplyReward,HWDCrafterSupplyReward,HWDCrafterSupplyReward,HWDCrafterSupplyReward,HWDCrafterSupplyReward,HWDCrafterSupplyReward,HWDCrafterSupplyReward,HWDCrafterSupplyReward,HWDCrafterSupplyReward,HWDCrafterSupplyReward,HWDCrafterSupplyReward,HWDCrafterSupplyReward,HWDCrafterSupplyReward,HWDCrafterSupplyReward,HWDCrafterSupplyReward,HWDCrafterSupplyReward,HWDCrafterSupplyReward,HWDCrafterSupplyReward,HWDCrafterSupplyReward,HWDCrafterSupplyReward,HWDCrafterSupplyReward,HWDCrafterSupplyReward,HWDCrafterSupplyReward,HWDCrafterSupplyReward,HWDCrafterSupplyReward,HWDCrafterSupplyReward,HWDCrafterSupplyReward,HWDCrafterSupplyReward,HWDCrafterSupplyReward,HWDCrafterSupplyReward,HWDCrafterSupplyReward,HWDCrafterSupplyReward,HWDCrafterSupplyReward,HWDCrafterSupplyReward,HWDCrafterSupplyReward,HWDCrafterSupplyReward,HWDCrafterSupplyReward,HWDCrafterSupplyReward,HWDCrafterSupplyReward,HWDCrafterSupplyReward,HWDCrafterSupplyReward,HWDCrafterSupplyReward,HWDCrafterSupplyReward,HWDCrafterSupplyReward,HWDCrafterSupplyReward,HWDCrafterSupplyReward,HWDCrafterSupplyReward,HWDCrafterSupplyReward,HWDCrafterSupplyReward,HWDCrafterSupplyReward,HWDCrafterSupplyReward,HWDCrafterSupplyReward,HWDCrafterSupplyReward,HWDCrafterSupplyReward,HWDCrafterSupplyReward,HWDCrafterSupplyReward,HWDCrafterSupplyReward,HWDCrafterSupplyReward,HWDCrafterSupplyReward,HWDCrafterSupplyReward,HWDCrafterSupplyReward,HWDCrafterSupplyReward,HWDCrafterSupplyReward,HWDCrafterSupplyReward,HWDCrafterSupplyReward,HWDCrafterSupplyReward,HWDCrafterSupplyReward,HWDCrafterSupplyReward,HWDCrafterSupplyReward,HWDCrafterSupplyReward,HWDCrafterSupplyReward,HWDCrafterSupplyReward,HWDCrafterSupplyReward,HWDCrafterSupplyReward,HWDCrafterSupplyReward,HWDCrafterSupplyReward,HWDCrafterSupplyReward,HWDCrafterSupplyReward,HWDCrafterSupplyReward,HWDCrafterSupplyReward,HWDCrafterSupplyReward,HWDCrafterSupplyReward,HWDCrafterSupplyReward,HWDCrafterSupplyReward,HWDCrafterSupplyReward,HWDCrafterSupplyReward,HWDCrafterSupplyReward,HWDCrafterSupplyReward,HWDCrafterSupplyReward,HWDCrafterSupplyReward,HWDCrafterSupplyReward,HWDCrafterSupplyReward,HWDCrafterSupplyReward,HWDCrafterSupplyReward,HWDCrafterSupplyReward,HWDCrafterSupplyReward,HWDCrafterSupplyReward,HWDCrafterSupplyReward,HWDCrafterSupplyReward,HWDCrafterSupplyReward,HWDCrafterSupplyReward,HWDCrafterSupplyReward,HWDCrafterSupplyReward,HWDCrafterSupplyReward,HWDCrafterSupplyReward,HWDCrafterSupplyReward,HWDCrafterSupplyReward,HWDCrafterSupplyReward,HWDCrafterSupplyReward,HWDCrafterSupplyReward,HWDCrafterSupplyReward,HWDCrafterSupplyTerm,HWDCrafterSupplyTerm,HWDCrafterSupplyTerm,HWDCrafterSupplyTerm,HWDCrafterSupplyTerm,HWDCrafterSupplyTerm,HWDCrafterSupplyTerm,HWDCrafterSupplyTerm,HWDCrafterSupplyTerm,HWDCrafterSupplyTerm,HWDCrafterSupplyTerm,HWDCrafterSupplyTerm,HWDCrafterSupplyTerm,HWDCrafterSupplyTerm,HWDCrafterSupplyTerm,HWDCrafterSupplyTerm,HWDCrafterSupplyTerm,HWDCrafterSupplyTerm,HWDCrafterSupplyTerm,HWDCrafterSupplyTerm,HWDCrafterSupplyTerm,HWDCrafterSupplyTerm,HWDCrafterSupplyTerm
0,0,0,0,0,0,0,0,0,0,0,0,0,0,0,0,0,0,0,0,0,0,0,0,0,0,0,0,0,0,0,0,0,0,0,0,0,0,0,0,0,0,0,0,0,0,0,0,0,0,0,0,0,0,0,0,0,0,0,0,0,0,0,0,0,0,0,0,0,0,0,0,0,0,0,0,0,0,0,0,0,0,0,0,0,0,0,0,0,0,0,0,0,0,0,0,0,0,0,0,0,0,0,0,0,0,0,0,0,0,0,0,0,0,0,0,0,0,0,0,0,0,0,0,0,0,0,0,0,0,0,0,0,0,0,0,0,0,0,0,0,0,0,0,0,0,0,0,0,0,0,0,0,0,0,0,0,0,0,0,0,0,0,0,0,0,0,0,0,0,0,0,0,0,0,0,0,0,0,0,0,0,0,0,0,0,0,0,0,0,0,0,0,0,0,0,0,0,0,0,0,0,0,0,0,0,0,0,0,0,0,0,0,0,0,0,0,0,0,0,0,0,0,0,0,0,0,0,0,0,0,0,0,0,0,0,0,0,0,0,0,0,0,0,0,0,0,0,0,0,0,0,0,0,0,0,0,0,0,0,0,0,0,0,0,0,0,0,0,0,0,0,0,0,0,0,0,0,0,0,0,0,0,0,0,0,0,0,0,0,0,0,0,0,0,0,0,0,0,0,0,0,0,0,0,0,0,0,0,0,0,0,0,0,0,0,0,0,0,0,0,0,0
1,28725,28733,28741,28749,28757,29792,29800,29808,29816,29824,29832,31184,31192,31200,31208,31216,31224,31913,31921,31929,31937,31945,31953,20,40,60,70,80,20,40,60,70,80,80,20,40,60,70,80,80,20,40,60,70,80,80,39,59,69,79,255,39,59,69,79,255,255,39,59,69,79,255,255,39,59,69,79,255,255,0,0,0,0,1,0,0,0,0,1,2,0,0,0,0,1,2,0,0,0,0,1,2,50,90,260,380,500,50,90,260,380,500,850,50,90,260,380,500,1100,50,90,260,380,500,1100,80,130,450,800,850,80,130,450,800,850,970,80,130,450,800,850,1200,80,130,450,800,850,1200,105,300,580,900,1000,105,300,580,900,1000,1140,105,300,580,900,1000,1450,105,300,580,900,1000,1400,1,4,7,10,13,16,19,22,25,28,31,67,70,73,76,79,82,103,106,109,112,115,118,2,5,8,11,14,17,20,23,26,29,32,68,71,74,77,80,83,104,107,110,113,116,119,3,6,9,12,15,18,21,24,27,30,33,69,72,75,78,81,84,105,108,111,114,117,120,34,37,40,43,46,49,52,55,58,61,64,85,88,91,94,97,100,121,124,127,130,133,136,35,38,41,44,47,50,53,56,59,62,65,86,89,92,95,98,101,122,125,128,131,134,137,36,39,42,45,48,51,54,57,60,63,66,87,90,93,96,99,102,123,126,129,132,135,138,1,1,1,1,1,2,2,2,2,2,2,3,3,3,3,3,3,4,4,4,4,4,4
2,28726,28734,28742,28750,28758,29793,29801,29809,29817,29825,29833,31185,31193,31201,31209,31217,31225,31914,31922,31930,31938,31946,31954,20,40,60,70,80,20,40,60,70,80,80,20,40,60,70,80,80,20,40,60,70,80,80,39,59,69,79,255,39,59,69,79,255,255,39,59,69,79,255,255,39,59,69,79,255,255,0,0,0,0,1,0,0,0,0,1,2,0,0,0,0,1,2,0,0,0,0,1,2,50,90,260,380,500,50,90,260,380,500,850,50,90,260,380,500,1100,50,90,260,380,500,1100,80,130,450,800,850,80,130,450,800,850,970,80,130,450,800,850,1200,80,130,450,800,850,1200,105,300,580,900,1000,105,300,580,900,1000,1140,105,300,580,900,1000,1450,105,300,580,900,1000,1400,1,4,7,10,13,16,19,22,25,28,31,67,70,73,76,79,82,103,106,109,112,115,118,2,5,8,11,14,17,20,23,26,29,32,68,71,74,77,80,83,104,107,110,113,116,119,3,6,9,12,15,18,21,24,27,30,33,69,72,75,78,81,84,105,108,111,114,117,120,34,37,40,43,46,49,52,55,58,61,64,85,88,91,94,97,100,121,124,127,130,133,136,35,38,41,44,47,50,53,56,59,62,65,86,89,92,95,98,101,122,125,128,131,134,137,36,39,42,45,48,51,54,57,60,63,66,87,90,93,96,99,102,123,126,129,132,135,138,1,1,1,1,1,2,2,2,2,2,2,3,3,3,3,3,3,4,4,4,4,4,4
3,28727,28735,28743,28751,28759,29794,29802,29810,29818,29826,29834,31186,31194,31202,31210,31218,31226,31915,31923,31931,31939,31947,31955,20,40,60,70,80,20,40,60,70,80,80,20,40,60,70,80,80,20,40,60,70,80,80,39,59,69,79,255,39,59,69,79,255,255,39,59,69,79,255,255,39,59,69,79,255,255,0,0,0,0,1,0,0,0,0,1,2,0,0,0,0,1,2,0,0,0,0,1,2,50,90,260,380,500,50,90,260,380,500,850,50,90,260,380,500,1100,50,90,260,380,500,1100,80,130,450,800,850,80,130,450,800,850,970,80,130,450,800,850,1200,80,130,450,800,850,1200,105,300,580,900,1000,105,300,580,900,1000,1140,105,300,580,900,1000,1450,105,300,580,900,1000,1400,1,4,7,10,13,16,19,22,25,28,31,67,70,73,76,79,82,103,106,109,112,115,118,2,5,8,11,14,17,20,23,26,29,32,68,71,74,77,80,83,104,107,110,113,116,119,3,6,9,12,15,18,21,24,27,30,33,69,72,75,78,81,84,105,108,111,114,117,120,34,37,40,43,46,49,52,55,58,61,64,85,88,91,94,97,100,121,124,127,130,133,136,35,38,41,44,47,50,53,56,59,62,65,86,89,92,95,98,101,122,125,128,131,134,137,36,39,42,45,48,51,54,57,60,63,66,87,90,93,96,99,102,123,126,129,132,135,138,1,1,1,1,1,2,2,2,2,2,2,3,3,3,3,3,3,4,4,4,4,4,4
4,28728,28736,28744,28752,28760,29795,29803,29811,29819,29827,29835,31187,31195,31203,31211,31219,31227,31916,31924,31932,31940,31948,31956,20,40,60,70,80,20,40,60,70,80,80,20,40,60,70,80,80,20,40,60,70,80,80,39,59,69,79,255,39,59,69,79,255,255,39,59,69,79,255,255,39,59,69,79,255,255,0,0,0,0,1,0,0,0,0,1,2,0,0,0,0,1,2,0,0,0,0,1,2,50,90,260,380,500,50,90,260,380,500,850,50,90,260,380,500,1100,50,90,260,380,500,1100,80,130,450,800,850,80,130,450,800,850,970,80,130,450,800,850,1200,80,130,450,800,850,1200,105,300,580,900,1000,105,300,580,900,1000,1140,105,300,580,900,1000,1450,105,300,580,900,1000,1400,1,4,7,10,13,16,19,22,25,28,31,67,70,73,76,79,82,103,106,109,112,115,118,2,5,8,11,14,17,20,23,26,29,32,68,71,74,77,80,83,104,107,110,113,116,119,3,6,9,12,15,18,21,24,27,30,33,69,72,75,78,81,84,105,108,111,114,117,120,34,37,40,43,46,49,52,55,58,61,64,85,88,91,94,97,100,121,124,127,130,133,136,35,38,41,44,47,50,53,56,59,62,65,86,89,92,95,98,101,122,125,128,131,134,137,36,39,42,45,48,51,54,57,60,63,66,87,90,93,96,99,102,123,126,129,132,135,138,1,1,1,1,1,2,2,2,2,2,2,3,3,3,3,3,3,4,4,4,4,4,4
5,28729,28737,28745,28753,28761,29796,29804,29812,29820,29828,29836,31188,31196,31204,31212,31220,31228,31917,31925,31933,31941,31949,31957,20,40,60,70,80,20,40,60,70,80,80,20,40,60,70,80,80,20,40,60,70,80,80,39,59,69,79,255,39,59,69,79,255,255,39,59,69,79,255,255,39,59,69,79,255,255,0,0,0,0,1,0,0,0,0,1,2,0,0,0,0,1,2,0,0,0,0,1,2,50,90,260,380,500,50,90,260,380,500,850,50,90,260,380,500,1100,50,90,260,380,500,1100,80,130,450,800,850,80,130,450,800,850,970,80,130,450,800,850,1200,80,130,450,800,850,1200,105,300,580,900,1000,105,300,580,900,1000,1140,105,300,580,900,1000,1450,105,300,580,900,1000,1400,1,4,7,10,13,16,19,22,25,28,31,67,70,73,76,79,82,103,106,109,112,115,118,2,5,8,11,14,17,20,23,26,29,32,68,71,74,77,80,83,104,107,110,113,116,119,3,6,9,12,15,18,21,24,27,30,33,69,72,75,78,81,84,105,108,111,114,117,120,34,37,40,43,46,49,52,55,58,61,64,85,88,91,94,97,100,121,124,127,130,133,136,35,38,41,44,47,50,53,56,59,62,65,86,89,92,95,98,101,122,125,128,131,134,137,36,39,42,45,48,51,54,57,60,63,66,87,90,93,96,99,102,123,126,129,132,135,138,1,1,1,1,1,2,2,2,2,2,2,3,3,3,3,3,3,4,4,4,4,4,4
6,28730,28738,28746,28754,28762,29797,29805,29813,29821,29829,29837,31189,31197,31205,31213,31221,31229,31918,31926,31934,31942,31950,31958,20,40,60,70,80,20,40,60,70,80,80,20,40,60,70,80,80,20,40,60,70,80,80,39,59,69,79,255,39,59,69,79,255,255,39,59,69,79,255,255,39,59,69,79,255,255,0,0,0,0,1,0,0,0,0,1,2,0,0,0,0,1,2,0,0,0,0,1,2,50,90,260,380,500,50,90,260,380,500,850,50,90,260,380,500,1100,50,90,260,380,500,1100,80,130,450,800,850,80,130,450,800,850,970,80,130,450,800,850,1200,80,130,450,800,850,1200,105,300,580,900,1000,105,300,580,900,1000,1140,105,300,580,900,1000,1450,105,300,580,900,1000,1400,1,4,7,10,13,16,19,22,25,28,31,67,70,73,76,79,82,103,106,109,112,115,118,2,5,8,11,14,17,20,23,26,29,32,68,71,74,77,80,83,104,107,110,113,116,119,3,6,9,12,15,18,21,24,27,30,33,69,72,75,78,81,84,105,108,111,114,117,120,34,37,40,43,46,49,52,55,58,61,64,85,88,91,94,97,100,121,124,127,130,133,136,35,38,41,44,47,50,53,56,59,62,65,86,89,92,95,98,101,122,125,128,131,134,137,36,39,42,45,48,51,54,57,60,63,66,87,90,93,96,99,102,123,126,129,132,135,138,1,1,1,1,1,2,2,2,2,2,2,3,3,3,3,3,3,4,4,4,4,4,4
7,28731,28739,28747,28755,28763,29798,29806,29814,29822,29830,29838,31190,31198,31206,31214,31222,31230,31919,31927,31935,31943,31951,31959,20,40,60,70,80,20,40,60,70,80,80,20,40,60,70,80,80,20,40,60,70,80,80,39,59,69,79,255,39,59,69,79,255,255,39,59,69,79,255,255,39,59,69,79,255,255,0,0,0,0,1,0,0,0,0,1,2,0,0,0,0,1,2,0,0,0,0,1,2,50,90,260,380,500,50,90,260,380,500,850,50,90,260,380,500,1100,50,90,260,380,500,1100,80,130,450,800,850,80,130,450,800,850,970,80,130,450,800,850,1200,80,130,450,800,850,1200,105,300,580,900,1000,105,300,580,900,1000,1140,105,300,580,900,1000,1450,105,300,580,900,1000,1400,1,4,7,10,13,16,19,22,25,28,31,67,70,73,76,79,82,103,106,109,112,115,118,2,5,8,11,14,17,20,23,26,29,32,68,71,74,77,80,83,104,107,110,113,116,119,3,6,9,12,15,18,21,24,27,30,33,69,72,75,78,81,84,105,108,111,114,117,120,34,37,40,43,46,49,52,55,58,61,64,85,88,91,94,97,100,121,124,127,130,133,136,35,38,41,44,47,50,53,56,59,62,65,86,89,92,95,98,101,122,125,128,131,134,137,36,39,42,45,48,51,54,57,60,63,66,87,90,93,96,99,102,123,126,129,132,135,138,1,1,1,1,1,2,2,2,2,2,2,3,3,3,3,3,3,4,4,4,4,4,4
8,28732,28740,28748,28756,28764,29799,29807,29815,29823,29831,29839,31191,31199,31207,31215,31223,31231,31920,31928,31936,31944,31952,31960,20,40,60,70,80,20,40,60,70,80,80,20,40,60,70,80,80,20,40,60,70,80,80,39,59,69,79,255,39,59,69,79,255,255,39,59,69,79,255,255,39,59,69,79,255,255,0,0,0,0,1,0,0,0,0,1,2,0,0,0,0,1,2,0,0,0,0,1,2,50,90,260,380,500,50,90,260,380,500,850,50,90,260,380,500,1100,50,90,260,380,500,1100,80,130,450,800,850,80,130,450,800,850,970,80,130,450,800,850,1200,80,130,450,800,850,1200,105,300,580,900,1000,105,300,580,900,1000,1140,105,300,580,900,1000,1450,105,300,580,900,1000,1400,1,4,7,10,13,16,19,22,25,28,31,67,70,73,76,79,82,103,106,109,112,115,118,2,5,8,11,14,17,20,23,26,29,32,68,71,74,77,80,83,104,107,110,113,116,119,3,6,9,12,15,18,21,24,27,30,33,69,72,75,78,81,84,105,108,111,114,117,120,34,37,40,43,46,49,52,55,58,61,64,85,88,91,94,97,100,121,124,127,130,133,136,35,38,41,44,47,50,53,56,59,62,65,86,89,92,95,98,101,122,125,128,131,134,137,36,39,42,45,48,51,54,57,60,63,66,87,90,93,96,99,102,123,126,129,132,135,138,1,1,1,1,1,2,2,2,2,2,2,3,3,3,3,3,3,4,4,4,4,4,4
