key,0,1,2,3,4,5,6,7,8,9,10,11,12,13,14,15,16,17,18,19,20,21,22,23,24,25,26,27,28,29,30,31,32,33,34,35,36,37,38,39,40,41,42,43,44,45,46,47,48,49,50,51,52,53,54,55,56,57,58
#,InstanceContentType,WeekRestriction,TimeLimit{min},Name,,BGM,WinBGM,Cutscene,,Order,,,InstanceContentTextData{Boss}{Start},InstanceContentTextData{Boss}{End},BNpcBase{Boss},InstanceContentTextData{Objective}{Start},InstanceContentTextData{Objective}{End},SortKey,,,NewPlayerBonusA,NewPlayerBonusB,FinalBossExp,FinalBossCurrencyA,FinalBossCurrencyB,FinalBossCurrencyC,BossExp[0],BossExp[1],BossExp[2],BossExp[3],BossExp[4],BossCurrencyA[0],BossCurrencyA[1],BossCurrencyA[2],BossCurrencyA[3],BossCurrencyA[4],BossCurrencyB[0],BossCurrencyB[1],BossCurrencyB[2],BossCurrencyB[3],BossCurrencyB[4],BossCurrencyC[0],BossCurrencyC[1],BossCurrencyC[2],BossCurrencyC[3],BossCurrencyC[4],InstanceClearExp,,,,,InstanceContentBuff,ReqInstance,,PartyCondition,,,,
int32,InstanceContentType,byte,uint16,str,str,BGM,BGM,Cutscene,uint32,uint16,byte,bit&01,InstanceContentTextData,InstanceContentTextData,BNpcBase,InstanceContentTextData,InstanceContentTextData,uint16,uint32,uint32,uint16,uint16,uint32,uint16,uint16,uint16,uint32,uint32,uint32,uint32,uint32,uint16,uint16,uint16,uint16,uint16,uint16,uint16,uint16,uint16,uint16,uint16,uint16,uint16,uint16,uint16,uint32,uint32,uint32,byte,uint32,InstanceContentBuff,InstanceContent,int16,byte,byte,byte,byte,bit&02
0,0,0,60,"","",0,18,0,0,0,0,False,0,0,0,0,0,0,0,0,0,0,0,0,0,0,0,0,0,0,0,0,0,0,0,0,0,0,0,0,0,0,0,0,0,0,0,0,0,100,0,0,0,-1,0,0,0,0,False
1,2,0,90,"监狱废墟托托·拉克千狱","",0,18,22,2281258,1,0,False,0,0,444,1200,1203,5,3400,4600,0,0,0,0,0,0,0,0,0,0,0,0,0,0,0,0,0,0,0,0,0,0,0,0,0,0,85948,550,0,100,0,0,0,-1,0,0,0,0,False
2,2,0,90,"地下灵殿塔姆·塔拉墓园","",0,18,17,1958540,2,0,False,1003,1004,73,1000,1004,2,2600,3500,0,0,0,0,0,0,0,0,0,0,0,0,0,0,0,0,0,0,0,0,0,0,0,0,0,0,51864,400,78,100,0,0,0,-1,0,0,0,0,False
3,2,0,90,"封锁坑道铜铃铜山","",0,18,177,2790145,3,0,False,2704,2705,101,2700,2705,3,2700,3600,0,0,0,0,0,0,0,0,0,0,0,0,0,0,0,0,0,0,0,0,0,0,0,0,0,0,64016,400,79,100,0,0,0,-1,0,0,0,0,False
4,2,0,90,"天然要害沙斯塔夏溶洞","",0,18,174,3283219,4,0,False,2504,2505,1206,2500,2505,1,2500,3400,0,0,0,0,0,0,0,0,0,0,0,0,0,0,0,0,0,0,0,0,0,0,0,0,0,0,49790,400,6,100,0,0,0,-1,0,0,0,0,False
5,2,0,90,"毒雾洞窟黄金谷","",0,18,316,3619405,5,0,False,0,0,1532,2900,2903,12,5700,13000,0,0,0,0,0,0,0,0,0,0,0,0,0,0,0,0,0,0,0,0,0,0,0,0,0,0,212853,2400,4,100,0,0,0,-1,0,0,0,0,False
6,2,0,90,"名门府邸静语庄园","",0,18,18,3633039,6,0,False,0,0,422,1100,1103,6,3800,6300,0,0,0,0,0,0,0,0,0,0,0,0,0,0,0,0,0,0,0,0,0,0,0,0,0,0,100393,700,11,100,0,0,0,-1,0,0,0,0,False
7,2,0,90,"魔兽领域日影地修炼所","",0,18,180,4097951,7,0,False,0,0,1197,2405,2407,4,3000,4000,0,0,0,0,0,0,0,0,0,0,0,0,0,0,0,0,0,0,0,0,0,0,0,0,0,0,73500,450,0,100,0,0,0,-1,0,0,0,0,False
8,2,0,90,"休养胜地布雷福洛克斯野营地","",0,18,183,3998421,8,0,False,0,0,1279,2400,2403,7,4200,8000,0,0,0,0,0,0,0,0,0,0,0,0,0,0,0,0,0,0,0,0,0,0,0,0,0,0,124832,900,0,100,0,0,0,-1,0,0,0,0,False
9,2,0,90,"古代遗迹喀恩埋没圣堂","",0,18,304,4064743,9,0,False,0,0,1570,3500,3509,8,4500,9000,0,0,0,0,0,0,0,0,0,0,0,0,0,0,0,0,0,0,0,0,0,0,0,0,0,0,144037,1200,0,100,0,0,0,-1,0,0,0,0,False
10,2,0,90,"神灵圣域放浪神古神殿","",0,18,301,4177426,10,0,False,0,0,1547,2800,2804,13,0,0,30,0,0,10,0,0,0,0,0,0,0,4,6,0,0,0,0,0,0,0,0,0,0,0,0,0,253525,3000,2,40,0,0,0,-1,0,0,0,0,False
11,2,0,90,"对龙城塞石卫塔","",0,18,298,4239689,11,0,False,0,0,1680,4400,4402,10,5100,11000,0,0,0,0,0,0,0,0,0,0,0,0,0,0,0,0,0,0,0,0,0,0,0,0,0,0,178788,1800,14,100,0,0,0,-1,0,0,0,0,False
12,2,0,90,"流沙迷宫樵鸣洞","",0,18,310,3690171,12,0,False,0,0,1590,3400,3402,9,4800,10000,0,0,0,0,0,0,0,0,0,0,0,0,0,0,0,0,0,0,0,0,0,0,0,0,0,0,164612,1500,13,100,0,0,0,-1,0,0,0,0,False
13,2,0,90,"山中战线泽梅尔要塞","",0,18,313,4229622,13,0,False,0,0,1396,2904,2906,11,5400,12000,0,0,0,0,0,0,0,0,0,0,0,0,0,0,0,0,0,0,0,0,0,0,0,0,0,0,189304,2100,5,100,0,0,0,-1,0,0,0,0,False
14,2,0,90,"邪教驻地无限城古堡","",0,18,307,4246570,14,0,False,0,0,1696,4500,4502,16,0,0,30,0,0,10,0,0,0,0,0,0,0,4,6,0,0,0,0,0,0,0,0,0,0,0,0,0,253525,3000,9,45,0,0,0,-1,0,0,0,0,False
15,2,0,120,"帝国南方堡外围激战","",148,18,266,4248047,15,0,False,0,0,0,3900,3918,14,0,0,100,0,126763,200,0,0,0,0,0,25351,0,0,0,0,0,0,0,0,0,0,0,0,0,0,0,0,253525,3000,16,100,0,0,0,-1,0,0,0,0,False
16,2,0,120,"天幕魔导城最终决战","",149,18,279,4301613,16,0,False,0,0,0,4000,4050,15,0,0,100,0,318855,200,0,0,0,19430,26325,0,38027,0,0,0,0,0,0,0,0,0,0,0,0,0,0,0,253525,3000,17,180,0,0,0,-1,0,0,0,0,False
17,2,0,90,"领航明灯天狼星灯塔","",1115,18,405,4378111,17,0,False,0,0,2265,4600,4612,17,0,0,40,0,0,15,0,0,0,0,0,0,0,5,10,0,0,0,0,0,0,0,0,0,0,0,0,0,253525,3000,8,45,0,0,0,-1,0,0,0,0,False
18,2,0,90,"骚乱坑道铜铃铜山","",17,18,419,4481318,18,0,False,0,0,2289,4800,4812,18,0,0,40,0,0,15,0,0,0,0,0,0,0,5,10,0,0,0,0,0,0,0,0,0,0,0,0,0,253525,3000,69,45,0,0,0,-1,0,0,0,0,False
19,2,0,90,"恶灵府邸静语庄园","",17,18,422,4497567,19,0,False,0,0,2346,5000,5007,19,0,0,40,0,0,15,0,0,0,0,0,0,0,5,10,0,0,0,0,0,0,0,0,0,0,0,0,0,253525,3000,12,45,0,0,0,-1,0,0,0,0,False
20,2,0,90,"纷争要地布雷福洛克斯野营地","",17,18,499,4543710,20,0,False,5305,5306,2547,5300,5308,22,0,0,50,0,0,20,0,0,0,0,0,0,0,7,13,0,0,0,0,0,0,0,0,0,0,0,0,0,253525,3000,0,50,0,0,0,-1,0,0,0,0,False
21,2,0,90,"剑斗领域日影地修炼所","",1123,18,496,4569373,21,0,False,0,0,1197,5100,5116,21,0,0,50,0,39717,20,0,0,0,0,0,0,0,7,13,0,0,0,0,0,0,0,0,0,0,0,0,0,253525,3000,0,50,0,0,0,-1,0,0,0,0,False
22,2,0,90,"腐坏遗迹无限城市街古迹","",1120,18,493,4574827,22,0,False,0,0,2564,5400,5406,20,0,0,50,0,0,20,0,0,0,0,0,0,0,7,13,0,0,0,0,0,0,0,0,0,0,0,0,0,253525,3000,80,50,0,0,0,-1,0,0,0,0,False
23,2,0,90,"财宝传说破舰岛","",216,18,565,4685110,23,0,False,0,0,0,6000,6005,23,0,0,60,0,39041,25,0,0,0,0,0,0,0,10,15,0,0,0,0,0,0,0,0,0,0,0,0,0,253525,3000,0,55,0,0,0,-1,0,0,0,0,False
24,2,0,90,"惨剧灵殿塔姆·塔拉墓园","",217,18,571,4660222,24,0,False,0,0,0,6400,6414,24,0,0,60,0,0,25,0,0,0,0,0,0,0,10,15,0,0,0,0,0,0,0,0,0,0,0,0,0,253525,3000,68,55,0,0,0,-1,0,0,0,0,False
25,2,0,90,"激战城塞石卫塔","",17,18,568,4616677,25,0,False,0,0,0,6100,6106,25,0,0,60,0,35324,25,0,0,0,21690,0,0,0,10,15,0,0,0,0,0,0,0,0,0,0,0,0,0,253525,3000,15,55,0,0,0,-1,0,0,0,0,False
26,2,0,90,"苏醒遗迹喀恩埋没圣堂","",234,18,650,4877226,26,0,False,0,0,0,6500,6507,28,0,0,70,0,0,35,0,0,17322,0,0,0,0,15,20,0,0,0,0,0,0,0,0,0,0,0,0,0,253525,3000,75,60,0,0,0,-1,0,0,0,0,False
27,2,0,90,"凛冽洞天披雪大冰壁","",233,18,647,4725496,27,0,False,0,0,0,6800,6804,26,0,0,70,0,0,35,0,0,0,0,0,0,0,15,20,0,0,0,0,0,0,0,0,0,0,0,0,0,253525,3000,74,60,0,0,0,-1,0,0,0,0,False
28,2,0,90,"逆转要害沙斯塔夏溶洞","",235,18,653,4878743,28,0,False,0,0,0,6600,6617,27,0,0,70,0,0,35,0,0,0,20282,0,0,0,15,20,0,0,0,0,0,0,0,0,0,0,0,0,0,253525,3000,7,60,0,0,0,-1,0,0,0,0,False
29,2,0,90,"邪念妖地无限城古堡","",246,18,738,5018469,29,0,False,0,0,0,7300,7309,31,0,0,80,0,0,50,0,0,0,27922,0,0,0,20,30,0,0,0,0,0,0,0,0,0,0,0,0,0,253525,3000,10,65,0,0,0,-1,0,0,0,0,False
30,2,0,90,"武装圣域放浪神古神殿","",245,18,742,4898011,30,0,False,0,0,0,6700,6719,30,0,0,80,0,0,50,0,0,0,0,0,0,0,20,30,0,0,0,0,0,0,0,0,0,0,0,0,0,253525,3000,3,65,0,0,0,-1,0,0,0,0,False
31,2,0,90,"学识宝库迦巴勒幻想图书馆","",303,18,923,5330512,31,0,False,0,0,3930,7700,7704,44,6000,51000,0,0,0,0,0,0,0,0,0,0,0,0,0,0,0,0,0,0,0,0,0,0,0,0,0,0,518400,3600,46,100,0,0,0,-1,0,0,0,0,False
32,2,0,90,"幻龙残骸密约之塔","",243,18,736,5073636,32,0,False,0,0,0,7500,7509,29,0,0,80,0,0,50,0,0,0,0,0,0,0,20,30,0,0,0,0,0,0,0,0,0,0,0,0,0,253525,3000,101,65,0,0,0,-1,0,0,0,0,False
33,2,0,90,"空中神域不获岛","",300,18,928,5614685,33,0,False,0,0,3740,9100,9107,46,0,0,30,0,0,10,0,0,0,0,0,0,0,4,6,0,0,0,0,0,0,0,0,0,0,0,0,0,562000,3600,85,40,0,0,0,-1,0,0,0,0,False
34,2,0,90,"圣教中枢伊修加德教皇厅","",0,18,920,5578485,34,0,False,0,0,3642,8200,8208,43,6000,41000,0,0,142376,0,0,0,53266,82044,0,0,0,0,0,0,0,0,0,0,0,0,0,0,0,0,0,0,458254,3480,51,100,0,0,0,-1,0,0,0,0,False
35,2,0,90,"博物战舰无限回廊","",308,18,931,5615552,35,0,False,0,0,3434,8300,8309,47,0,0,30,0,0,10,0,0,0,0,0,0,0,4,6,0,0,0,0,0,0,0,0,0,0,0,0,0,562000,3600,84,40,0,0,0,-1,0,0,0,0,False
36,2,0,90,"冰雪废堡暮卫塔","",299,18,912,5653695,36,0,False,0,0,3409,8100,8104,40,6000,18000,0,0,0,0,0,0,0,0,0,0,0,0,0,0,0,0,0,0,0,0,0,0,0,0,0,0,292645,3120,47,100,0,0,0,-1,0,0,0,0,False
37,2,0,90,"天山绝顶索姆阿尔灵峰","",301,18,915,5777405,37,0,False,0,0,3798,8700,8705,41,6000,24000,0,0,0,0,0,0,0,0,0,0,0,0,0,0,0,0,0,0,0,0,0,0,0,0,0,0,338349,3240,48,100,0,0,0,-1,0,0,0,0,False
38,2,0,90,"血战苍穹魔科学研究所","",304,18,926,5783033,38,0,False,0,0,3823,8600,8621,45,0,0,100,0,93639,60,0,0,18727,31213,43698,0,0,15,30,45,0,0,0,0,0,0,0,0,0,0,0,0,562000,3600,70,50,0,0,0,-1,0,0,0,0,False
39,2,0,90,"邪龙王座龙巢神殿","",302,18,837,5724514,39,0,False,0,0,3458,8500,8518,42,6000,32000,0,0,130700,0,0,0,0,0,0,0,0,0,0,0,0,0,0,0,0,0,0,0,0,0,0,0,398222,3360,49,100,0,0,0,-1,0,0,0,0,False
40,2,0,90,"地脉灵灯天狼星灯塔","",346,18,1069,5963638,40,0,False,0,0,4576,9500,9507,49,0,0,40,0,0,15,0,0,0,0,0,0,0,5,10,0,0,0,0,0,0,0,0,0,0,0,0,0,562000,3600,52,40,0,0,0,-1,0,0,0,0,False
41,2,0,90,"草木庭园圣茉夏娜植物园","",345,18,1066,6034561,41,0,False,0,0,4658,9700,9704,48,0,0,40,0,0,15,0,0,0,0,0,0,0,5,10,0,0,0,0,0,0,0,0,0,0,0,0,0,562000,3600,53,40,0,0,0,-1,0,0,0,0,False
42,2,0,90,"神圣遗迹无限城市街古迹","",368,18,1115,6159126,140,0,False,0,0,4747,10000,10011,51,0,0,50,0,53092,20,0,0,0,0,0,0,0,7,13,0,0,0,0,0,0,0,0,0,0,0,0,0,562000,3600,72,45,0,0,0,-1,0,0,0,0,False
43,2,0,90,"星海空间颠倒塔","",361,18,1112,6168797,141,0,False,0,0,0,9800,9806,50,0,0,50,0,0,20,0,0,0,0,0,0,0,7,13,0,0,0,0,0,0,0,0,0,0,0,0,0,562000,3600,71,45,0,0,0,-1,0,0,0,0,False
44,2,0,90,"天龙宫殿忆罪宫","",386,18,1238,6258659,171,0,False,0,0,4954,12400,12414,52,0,0,60,0,0,25,0,0,0,0,0,0,0,10,15,0,0,0,0,0,0,0,0,0,0,0,0,0,562000,3600,83,45,0,0,0,-1,0,0,0,0,False
45,2,0,90,"黑涡传说破舰岛","",387,18,1241,6245779,172,0,False,0,0,0,12300,12350,53,0,0,60,0,70790,25,0,0,27530,42138,0,0,0,10,15,0,0,0,0,0,0,0,0,0,0,0,0,0,562000,3600,82,45,0,0,0,-1,0,0,0,0,False
46,2,0,90,"险峻峡谷塞尔法特尔溪谷","",405,18,1330,6399476,182,0,False,0,0,5272,13000,13016,54,0,0,70,0,0,35,0,0,0,0,0,0,0,15,20,0,0,0,0,0,0,0,0,0,0,0,0,0,562000,3600,91,45,0,0,0,-1,0,0,0,0,False
47,2,0,90,"秘本宝库迦巴勒幻想图书馆","",407,18,1333,6331749,196,0,False,0,0,5219,13800,13816,55,0,0,70,0,0,35,0,0,0,0,0,0,0,15,20,0,0,0,0,0,0,0,0,0,0,0,0,0,562000,3600,90,45,0,0,0,-1,0,0,0,0,False
48,2,0,90,"坚牢铁壁巴埃萨长城","",420,18,1370,6562680,219,0,False,0,0,5564,14000,14008,56,0,0,80,0,56280,50,0,0,0,0,0,0,0,20,30,0,0,0,0,0,0,0,0,0,0,0,0,0,562000,3600,104,50,0,0,0,-1,0,0,0,0,False
49,2,0,90,"天山深境索姆阿尔灵峰","",421,18,1373,6610258,221,0,False,0,0,5531,14400,14404,57,0,0,80,0,0,50,0,0,0,0,0,0,0,20,30,0,0,0,0,0,0,0,0,0,0,0,0,0,562000,3600,103,50,0,0,0,-1,0,0,0,0,False
50,2,0,90,"海底宫殿紫水宫","",472,18,1544,6526606,235,0,False,0,0,6243,14900,14914,0,6000,92000,0,0,0,0,0,0,0,0,0,0,0,0,0,0,0,0,0,0,0,0,0,0,0,0,0,0,923000,3840,0,100,0,0,0,-1,0,0,0,0,False
51,2,0,90,"修行古刹星导寺","",477,18,1559,6797021,236,0,False,0,0,6117,14600,14623,0,0,0,0,40,0,0,25,20,0,0,0,0,0,0,0,0,0,0,10,15,0,0,0,0,0,0,0,0,0,4200,0,100,0,0,0,-1,0,0,0,0,False
52,2,0,90,"漂流海域妖歌海","",471,18,1541,6793825,238,0,False,0,0,6074,14500,14513,0,6000,76000,0,0,0,0,0,0,0,127759,0,0,0,0,0,0,0,0,0,0,0,0,0,0,0,0,0,0,760500,3720,0,100,0,0,0,-1,0,0,0,0,False
53,2,0,90,"试炼行路巴儿达木霸道","",473,18,1547,6797773,240,0,False,0,0,6155,14700,14722,0,6000,110000,0,0,322894,0,0,0,0,189580,0,0,0,0,0,0,0,0,0,0,0,0,0,0,0,0,0,0,1101100,3960,0,100,0,0,0,-1,0,0,2,0,False
54,2,0,90,"解放决战多玛王城","",474,18,1550,6881322,241,0,False,0,0,6205,16100,16111,0,6000,129000,0,0,384025,0,0,0,0,0,0,0,0,0,0,0,0,0,0,0,0,0,0,0,0,0,0,0,1294800,4080,120,100,0,0,0,-1,0,0,0,0,False
55,2,0,90,"巨炮要塞帝国白山堡","",475,18,1553,6828756,242,0,False,0,0,6268,15500,15516,0,6000,150000,0,0,0,0,0,0,0,0,0,0,0,0,0,0,0,0,0,0,0,0,0,0,0,0,0,0,1504100,4200,0,100,0,0,0,-1,0,0,0,0,False
56,2,0,90,"鏖战红莲阿拉米格","",476,18,1556,6879598,247,0,False,0,0,6039,17300,17317,0,0,0,0,40,0,0,25,20,0,0,0,0,0,0,0,0,0,0,10,15,0,0,0,0,0,0,0,0,0,4200,121,100,0,0,0,-1,0,0,4,0,False
57,2,0,90,"恶党孤城黄金阁","",478,18,1562,6881036,262,0,False,0,0,6089,16200,16230,0,0,0,0,40,0,0,25,20,0,0,0,0,0,0,0,0,0,0,10,15,0,0,0,0,0,0,0,0,0,4200,0,100,0,0,0,-1,0,0,6,0,False
58,2,0,90,"沉没神殿斯卡拉遗迹","",504,18,1643,7042419,279,0,False,0,0,6910,17900,17908,0,0,0,0,40,0,0,25,20,0,0,0,0,0,0,0,0,0,0,10,15,0,0,0,0,0,0,0,0,0,4200,125,100,0,0,0,-1,0,0,0,6,False
59,2,0,90,"红玉火山狱之盖","",526,18,1711,7167447,284,0,False,0,0,6996,18400,18411,0,0,0,0,40,0,0,30,30,0,0,0,0,0,0,0,0,0,0,10,20,0,0,0,0,0,0,0,0,0,4200,138,100,0,0,0,-1,0,0,14,0,False
60,2,0,90,"疯狂战舰无限回廊","",527,18,1714,7170996,285,0,False,0,0,7058,18500,18516,0,0,0,0,40,0,0,30,30,0,0,0,0,0,0,0,0,0,0,10,20,0,0,0,0,0,0,0,0,0,4200,139,100,0,0,0,-1,0,0,0,0,False
61,2,0,90,"风水灵庙岩燕庙","",551,18,1794,7335267,536,0,False,0,0,7203,19200,19230,0,0,0,0,40,0,0,30,30,0,0,0,0,0,0,0,0,0,0,10,20,0,0,0,0,0,0,0,0,0,4200,142,100,0,0,0,-1,0,0,18,0,False
62,2,0,90,"污染庭园圣茉夏娜植物园","",584,18,1828,7403523,584,0,False,0,0,7662,19800,19804,0,0,0,0,40,0,0,40,50,0,0,0,0,0,0,0,0,0,0,15,25,0,0,0,0,0,0,0,0,0,4200,149,100,0,0,0,-1,0,0,0,0,False
63,2,0,90,"死亡大地终末焦土","",583,18,1825,7558761,585,0,False,0,0,7672,19700,19714,0,0,0,0,40,0,0,40,50,0,0,0,0,0,0,0,0,0,0,15,25,0,0,0,0,0,0,0,0,0,4200,150,100,0,0,0,-1,0,0,0,0,False
64,2,0,90,"国境战线基姆利特暗区","",639,18,1921,7705971,611,0,False,0,0,7859,20800,20819,0,0,0,0,40,0,0,40,50,0,0,0,0,0,0,0,0,0,0,15,25,0,0,0,0,0,0,0,0,0,4200,162,100,0,0,0,-1,0,0,0,0,False
65,0,0,0,"","",0,0,0,0,0,0,False,0,0,0,0,0,0,0,0,0,0,0,0,0,0,0,0,0,0,0,0,0,0,0,0,0,0,0,0,0,0,0,0,0,0,0,0,0,0,0,0,0,0,0,0,0,0,False
66,0,0,0,"","",0,0,0,0,0,0,False,0,0,0,0,0,0,0,0,0,0,0,0,0,0,0,0,0,0,0,0,0,0,0,0,0,0,0,0,0,0,0,0,0,0,0,0,0,0,0,0,0,0,0,0,0,0,False
67,0,0,0,"","",0,0,0,0,0,0,False,0,0,0,0,0,0,0,0,0,0,0,0,0,0,0,0,0,0,0,0,0,0,0,0,0,0,0,0,0,0,0,0,0,0,0,0,0,0,0,0,0,0,0,0,0,0,False
5000,0,0,60,"","",0,18,0,0,0,0,False,0,0,0,0,0,0,0,0,0,0,0,0,0,0,0,0,0,0,0,0,0,0,0,0,0,0,0,0,0,0,0,0,0,0,0,0,0,100,0,0,0,-1,0,0,0,0,False
5001,7,0,30,"四国联合军演","",316,0,0,0,167,0,True,0,0,4739,10400,10438,0,0,0,0,0,0,0,0,0,0,0,0,0,0,0,0,0,0,0,0,0,0,0,0,0,0,0,0,0,0,0,0,100,0,0,0,-1,0,0,0,0,False
5002,7,0,30,"雷古拉·范·休著斯追击战","",385,0,0,0,173,0,True,0,0,3818,12500,12521,0,0,0,0,0,0,0,0,0,0,0,0,0,0,0,0,0,0,0,0,0,0,0,0,0,0,0,0,0,0,0,0,100,0,0,0,-1,0,0,0,0,False
5003,7,0,30,"交缠的宿命","",161,0,0,0,194,0,True,0,0,3818,13300,13335,0,0,0,0,0,0,0,0,0,0,0,0,0,0,0,0,0,0,0,0,0,0,0,0,0,0,0,0,0,0,0,0,100,0,0,0,-1,0,0,0,0,False
5004,7,0,30,"加尔提诺平原遭遇战","",151,0,0,0,222,0,True,0,0,0,14200,14230,0,0,0,0,0,0,0,0,0,0,0,0,0,0,0,0,0,0,0,0,0,0,0,0,0,0,0,0,0,0,0,0,100,0,0,0,-1,0,0,0,0,False
5005,7,0,30,"鱼道现身！","",117,0,0,0,237,0,False,0,0,0,14800,14822,0,0,0,0,0,0,0,0,0,0,0,0,0,0,0,0,0,0,0,0,0,0,0,0,0,0,0,0,0,0,0,0,100,0,0,0,-1,0,0,0,0,False
5006,7,0,30,"大会开始","",0,0,0,0,261,0,False,0,0,0,15000,15025,0,0,0,0,0,0,0,0,0,0,0,0,0,0,0,0,0,0,0,0,0,0,0,0,0,0,0,0,0,0,0,0,100,0,0,0,-1,0,0,0,0,False
5007,7,0,30,"抵御之力","",393,0,0,0,245,0,False,0,0,0,15400,15421,0,0,0,0,0,0,0,0,0,0,0,0,0,0,0,0,0,0,0,0,0,0,0,0,0,0,0,0,0,0,0,0,100,0,0,0,-1,0,0,0,0,False
5008,7,0,30,"那达慕","",113,0,0,0,246,0,False,0,0,0,15200,15257,0,0,0,0,0,0,0,0,0,0,0,0,0,0,0,0,0,0,0,0,0,0,0,0,0,0,0,0,0,0,0,0,100,0,0,0,-1,0,0,5,0,False
5009,7,0,30,"海都路人身首异","",208,0,0,0,248,0,False,0,0,0,15300,15331,0,0,0,0,0,0,0,0,0,0,0,0,0,0,0,0,0,0,0,0,0,0,0,0,0,0,0,0,0,0,0,0,100,0,0,0,-1,0,0,0,0,False
5010,7,0,30,"极恶之人木枯","",91,206,0,0,249,0,False,0,0,0,15600,15625,0,0,0,0,0,0,0,0,0,0,0,0,0,0,0,0,0,0,0,0,0,0,0,0,0,0,0,0,0,0,0,0,100,0,0,0,-1,0,0,0,0,False
5011,7,0,30,"松叶门外之变","",91,257,0,0,250,0,False,0,0,0,15800,15857,0,0,0,0,0,0,0,0,0,0,0,0,0,0,0,0,0,0,0,0,0,0,0,0,0,0,0,0,0,0,0,0,100,0,0,0,-1,0,0,0,0,False
5012,7,0,30,"决战龟甲岛","",470,0,0,0,251,0,False,0,0,0,16000,16016,0,0,0,0,0,0,0,0,0,0,0,0,0,0,0,0,0,0,0,0,0,0,0,0,0,0,0,0,0,0,0,0,100,0,0,0,-1,0,0,0,0,False
5013,7,0,30,"原初的战士","",113,0,0,0,260,0,False,0,0,0,15700,15715,0,0,0,0,0,0,0,0,0,0,0,0,0,0,0,0,0,0,0,0,0,0,0,0,0,0,0,0,0,0,0,0,100,0,0,0,-1,0,0,0,0,False
5014,7,0,30,"穿越时空的夙愿","",368,0,0,0,265,0,False,0,0,0,16600,16608,0,0,0,0,0,0,0,0,0,0,0,0,0,0,0,0,0,0,0,0,0,0,0,0,0,0,0,0,0,0,0,0,100,0,0,0,-1,0,0,0,0,False
5015,7,0,30,"燃烧吧高吉","",209,0,0,0,266,0,False,0,0,0,15900,15930,0,0,0,0,0,0,0,0,0,0,0,0,0,0,0,0,0,0,0,0,0,0,0,0,0,0,0,0,0,0,0,0,100,0,0,0,-1,0,0,0,0,False
5016,7,0,30,"漆黑的巨龙","",117,0,0,0,267,0,True,0,0,0,16700,16705,0,0,0,0,0,0,0,0,0,0,0,0,0,0,0,0,0,0,0,0,0,0,0,0,0,0,0,0,0,0,0,0,100,0,0,0,-1,0,0,0,0,False
5017,7,0,30,"于里昂热的秘策","",149,0,0,0,269,0,False,0,0,0,17000,17039,0,0,0,0,0,0,0,0,0,0,0,0,0,0,0,0,0,0,0,0,0,0,0,0,0,0,0,0,0,0,0,0,100,0,0,0,-1,0,0,0,0,False
5018,7,0,30,"为了更强","",0,0,0,0,270,0,False,0,0,0,15100,15115,0,0,0,0,0,0,0,0,0,0,0,0,0,0,0,0,0,0,0,0,0,0,0,0,0,0,0,0,0,0,0,0,100,0,0,0,-1,0,0,0,0,False
5019,7,0,30,"遥远的憧憬","",0,0,0,0,271,0,False,0,0,0,16400,16426,0,0,0,0,0,0,0,0,0,0,0,0,0,0,0,0,0,0,0,0,0,0,0,0,0,0,0,0,0,0,0,0,100,0,0,0,-1,0,0,0,0,False
5020,7,0,30,"再次相见","",0,0,0,0,272,0,False,0,0,0,16500,16520,0,0,0,0,0,0,0,0,0,0,0,0,0,0,0,0,0,0,0,0,0,0,0,0,0,0,0,0,0,0,0,0,100,0,0,0,-1,0,0,0,0,False
5021,7,0,30,"红血之龙骑士","",0,0,0,0,273,0,True,0,0,0,16800,16811,0,0,0,0,0,0,0,0,0,0,0,0,0,0,0,0,0,0,0,0,0,0,0,0,0,0,0,0,0,0,0,0,100,0,0,0,-1,0,0,0,0,False
5022,7,0,30,"影隐忍法贴","",91,0,0,0,274,0,False,0,0,0,17100,17109,0,0,0,0,0,0,0,0,0,0,0,0,0,0,0,0,0,0,0,0,0,0,0,0,0,0,0,0,0,0,0,0,100,0,0,0,-1,0,0,0,0,False
5023,7,0,30,"时空狭缝外缘","",479,0,0,0,275,0,False,0,0,0,17400,17440,0,0,0,0,0,0,0,0,0,0,0,0,0,0,0,0,0,0,0,0,0,0,0,0,0,0,0,0,0,0,0,0,100,0,0,0,-1,0,0,0,0,False
5024,7,0,30,"英雄归来","",467,0,0,0,282,0,False,0,0,0,18300,18341,0,0,0,0,0,0,0,0,0,0,0,0,0,0,0,0,0,0,0,0,0,0,0,0,0,0,0,0,0,0,0,0,100,0,0,0,-1,0,6,11,0,False
5025,7,0,30,"拂晓的少年","",0,0,0,0,582,0,False,0,0,0,19600,19620,0,0,0,0,0,0,0,0,0,0,0,0,0,0,0,0,0,0,0,0,0,0,0,0,0,0,0,0,0,0,0,0,100,0,0,0,-1,0,0,0,0,False
5026,7,0,30,"楔石洞","",165,0,0,0,609,0,False,0,0,0,20300,20339,0,0,0,0,0,0,0,0,0,0,0,0,0,0,0,0,0,0,0,0,0,0,0,0,0,0,0,0,0,0,0,0,100,0,0,0,-1,0,8,25,0,False
5027,7,0,30,"风之使者","",613,18,0,0,646,0,False,0,0,0,21100,21112,0,0,0,0,0,0,0,0,0,0,0,0,0,0,0,0,0,0,0,0,0,0,0,0,0,0,0,0,0,0,0,0,100,0,0,0,-1,0,9,0,0,False
5028,7,0,30,"英雄挽歌","",470,0,0,0,648,0,False,0,0,0,21200,21239,0,0,0,0,0,0,0,0,0,0,0,0,0,0,0,0,0,0,0,0,0,0,0,0,0,0,0,0,0,0,0,0,100,0,0,0,-1,0,0,31,0,False
5029,0,0,60,"","",0,18,0,0,0,0,False,0,0,0,0,0,0,0,0,0,0,0,0,0,0,0,0,0,0,0,0,0,0,0,0,0,0,0,0,0,0,0,0,0,0,0,0,0,100,0,0,0,-1,0,0,0,0,False
10000,0,0,60,"","",0,18,0,0,0,0,False,0,0,0,0,0,0,0,0,0,0,0,0,0,0,0,0,0,0,0,0,0,0,0,0,0,0,0,0,0,0,0,0,0,0,0,0,0,100,0,0,0,-1,0,0,0,0,False
10001,3,0,30,"完成集团战训练！","",40,18,0,0,42,0,False,0,0,0,1400,1411,1,0,0,0,0,0,0,0,0,0,0,0,0,0,0,0,0,0,0,0,0,0,0,0,0,0,0,0,0,0,0,0,100,0,0,0,-1,0,0,0,0,False
10002,3,0,30,"讨伐彷徨死灵！","",40,18,0,0,43,0,False,0,0,0,1500,1506,2,0,0,0,0,0,0,0,0,0,0,0,0,0,0,0,0,0,0,0,0,0,0,0,0,0,0,0,0,0,0,0,100,0,0,0,-1,0,0,0,0,False
10003,3,0,30,"突破所有关门，讨伐最深处的敌人！","",40,18,0,0,44,0,False,0,0,0,1600,1619,3,0,0,0,0,0,0,0,0,0,0,0,0,0,0,0,0,0,0,0,0,0,0,0,0,0,0,0,0,0,0,0,100,0,0,0,-1,0,0,0,0,False
10004,3,0,30,"捕获金币龟！","",40,18,0,0,45,0,False,0,0,0,1700,1715,4,0,0,0,0,0,0,0,0,0,0,0,0,0,0,0,0,0,0,0,0,0,0,0,0,0,0,0,0,0,0,0,100,0,0,0,-1,0,0,0,0,False
10005,3,0,30,"驱除剧毒妖花！","",40,18,0,0,46,0,False,0,0,0,1800,1811,5,0,0,0,0,0,0,0,0,0,0,0,0,0,0,0,0,0,0,0,0,0,0,0,0,0,0,0,0,0,0,0,100,0,0,0,-1,0,0,0,0,False
10006,3,0,30,"消灭恶徒团伙寄生蜂团！","",40,18,0,0,47,0,False,0,0,0,1900,1915,6,0,0,0,0,0,0,0,0,0,0,0,0,0,0,0,0,0,0,0,0,0,0,0,0,0,0,0,0,0,0,0,100,0,0,0,-1,0,0,0,0,False
10007,3,0,30,"讨伐梦幻之布拉奇希奥！","",40,18,0,0,48,0,False,0,0,0,2000,2009,7,0,0,0,0,0,0,0,0,0,0,0,0,0,0,0,0,0,0,0,0,0,0,0,0,0,0,0,0,0,0,0,100,0,0,0,-1,0,0,0,0,False
10008,3,0,30,"击溃哥布林炸弹军团！","",40,18,0,0,49,0,False,0,0,0,2100,2109,8,0,0,0,0,0,0,0,0,0,0,0,0,0,0,0,0,0,0,0,0,0,0,0,0,0,0,0,0,0,0,0,100,0,0,0,-1,0,0,0,0,False
10009,3,0,30,"讨伐污染源头魔界花！","",40,18,0,0,50,0,False,0,0,0,2200,2213,9,0,0,0,0,0,0,0,0,0,0,0,0,0,0,0,0,0,0,0,0,0,0,0,0,0,0,0,0,0,0,0,100,0,0,0,-1,0,0,0,0,False
10010,3,0,30,"讨伐坑道中出现的妖异！","",40,18,0,0,51,0,False,0,0,0,2300,2314,10,0,0,0,0,0,0,0,0,0,0,0,0,0,0,0,0,0,0,0,0,0,0,0,0,0,0,0,0,0,0,0,100,0,0,0,-1,0,0,0,0,False
10011,3,0,30,"注意无敌的眷属，讨伐大型妖异！","",40,18,0,0,52,0,False,0,0,0,3000,3013,11,0,0,0,0,0,0,0,0,0,0,0,0,0,0,0,0,0,0,0,0,0,0,0,0,0,0,0,0,0,0,0,100,0,0,0,-1,0,0,0,0,False
10012,3,0,30,"讨伐爆弹怪的女王！","",40,18,0,0,53,0,False,0,0,0,3100,3117,12,0,0,0,0,0,0,0,0,0,0,0,0,0,0,0,0,0,0,0,0,0,0,0,0,0,0,0,0,0,0,0,100,0,0,0,-1,0,0,0,0,False
10013,3,0,30,"歼灭特殊阵型的妖异！","",40,18,0,0,54,0,False,0,0,0,3200,3221,13,0,0,0,0,0,0,0,0,0,0,0,0,0,0,0,0,0,0,0,0,0,0,0,0,0,0,0,0,0,0,0,100,0,0,0,-1,0,0,0,0,False
10014,3,0,30,"制止三方混战的巨人族，守住遗物！","",40,18,0,0,55,0,False,0,0,0,3300,3322,14,0,0,0,0,0,0,0,0,0,0,0,0,0,0,0,0,0,0,0,0,0,0,0,0,0,0,0,0,0,0,0,100,0,0,0,-1,0,0,0,0,False
10015,0,0,60,"","",0,18,0,0,0,0,False,0,0,0,0,0,0,0,0,0,0,0,0,0,0,0,0,0,0,0,0,0,0,0,0,0,0,0,0,0,0,0,0,0,0,0,0,0,100,0,0,0,-1,0,0,0,0,False
15000,0,0,60,"","",0,18,0,0,0,0,False,0,0,0,0,0,0,0,0,0,0,0,0,0,0,0,0,0,0,0,0,0,0,0,0,0,0,0,0,0,0,0,0,0,0,0,0,0,100,0,0,0,-1,0,0,0,0,False
15001,8,0,30,"躲避范围攻击","",108,18,0,6215537,151,0,False,0,0,0,10500,10542,0,0,0,0,0,0,0,0,0,0,0,0,0,0,0,0,0,0,0,0,0,0,0,0,0,0,0,0,0,0,0,0,100,0,0,0,-1,0,0,0,0,False
15002,8,0,30,"掌握仇恨连击","",108,18,0,6215537,152,0,False,0,0,0,10700,10718,0,0,0,0,0,0,0,0,0,0,0,0,0,0,0,0,0,0,0,0,0,0,0,0,0,0,0,0,0,0,0,0,100,0,0,0,-1,0,0,0,0,False
15003,8,0,30,"控制敌人的仇恨","",108,18,0,6215537,153,0,False,0,0,0,10800,10806,0,0,0,0,0,0,0,0,0,0,0,0,0,0,0,0,0,0,0,0,0,0,0,0,0,0,0,0,0,0,0,0,100,0,0,0,-1,0,0,0,0,False
15004,8,0,30,"控制多个敌人的仇恨","",108,18,0,6215537,154,0,False,0,0,0,11000,11014,0,0,0,0,0,0,0,0,0,0,0,0,0,0,0,0,0,0,0,0,0,0,0,0,0,0,0,0,0,0,0,0,100,0,0,0,-1,0,0,0,0,False
15005,8,0,30,"实战控制多个敌人的仇恨","",108,18,0,6215537,155,0,False,0,0,0,11100,11110,0,0,0,0,0,0,0,0,0,0,0,0,0,0,0,0,0,0,0,0,0,0,0,0,0,0,0,0,0,0,0,0,100,0,0,0,-1,0,0,0,0,False
15006,8,0,30,"控制远处敌人的仇恨","",108,18,0,6215537,156,0,False,0,0,0,10900,10913,0,0,0,0,0,0,0,0,0,0,0,0,0,0,0,0,0,0,0,0,0,0,0,0,0,0,0,0,0,0,0,0,100,0,0,0,-1,0,0,0,0,False
15007,8,0,30,"留心增援的敌人","",108,18,0,6215537,157,0,False,0,0,0,11200,11217,0,0,0,0,0,0,0,0,0,0,0,0,0,0,0,0,0,0,0,0,0,0,0,0,0,0,0,0,0,0,0,0,100,0,0,0,-1,0,0,0,0,False
15008,8,0,30,"配合防护职业打倒单个敌人","",108,18,0,6215537,158,0,False,0,0,0,11300,11313,0,0,0,0,0,0,0,0,0,0,0,0,0,0,0,0,0,0,0,0,0,0,0,0,0,0,0,0,0,0,0,0,100,0,0,0,-1,0,0,0,0,False
15009,8,0,30,"配合防护职业打倒多个敌人","",108,18,0,6215537,159,0,False,0,0,0,11400,11410,0,0,0,0,0,0,0,0,0,0,0,0,0,0,0,0,0,0,0,0,0,0,0,0,0,0,0,0,0,0,0,0,100,0,0,0,-1,0,0,0,0,False
15010,8,0,30,"躲避范围攻击的同时进行战斗","",108,18,0,6215537,160,0,False,0,0,0,11500,11509,0,0,0,0,0,0,0,0,0,0,0,0,0,0,0,0,0,0,0,0,0,0,0,0,0,0,0,0,0,0,0,0,100,0,0,0,-1,0,0,0,0,False
15011,8,0,30,"打倒增援的敌人","",108,18,0,6215537,161,0,False,0,0,0,11600,11610,0,0,0,0,0,0,0,0,0,0,0,0,0,0,0,0,0,0,0,0,0,0,0,0,0,0,0,0,0,0,0,0,100,0,0,0,-1,0,0,0,0,False
15012,8,0,30,"灵活运用场地机关","",108,18,0,6215537,162,0,False,0,0,0,11700,11708,0,0,0,0,0,0,0,0,0,0,0,0,0,0,0,0,0,0,0,0,0,0,0,0,0,0,0,0,0,0,0,0,100,0,0,0,-1,0,0,0,0,False
15013,8,0,30,"治疗防护职业","",108,18,0,6215537,163,0,False,0,0,0,11800,11809,0,0,0,0,0,0,0,0,0,0,0,0,0,0,0,0,0,0,0,0,0,0,0,0,0,0,0,0,0,0,0,0,100,0,0,0,-1,0,0,0,0,False
15014,8,0,30,"治疗小队队员","",108,18,0,6215537,164,0,False,0,0,0,11900,11909,0,0,0,0,0,0,0,0,0,0,0,0,0,0,0,0,0,0,0,0,0,0,0,0,0,0,0,0,0,0,0,0,100,0,0,0,-1,0,0,0,0,False
15015,8,0,30,"躲避范围攻击的同时进行战斗","",108,18,0,6215537,165,0,False,0,0,0,12000,12011,0,0,0,0,0,0,0,0,0,0,0,0,0,0,0,0,0,0,0,0,0,0,0,0,0,0,0,0,0,0,0,0,100,0,0,0,-1,0,0,0,0,False
15016,8,0,30,"最终训练","",165,18,0,6229269,166,0,False,0,0,0,12100,12130,0,0,0,0,0,0,0,0,0,0,0,0,0,0,0,0,0,0,0,0,0,0,0,0,0,0,0,0,0,0,0,0,100,0,0,0,-1,0,0,0,0,False
15017,0,0,60,"","",0,18,0,0,0,0,False,0,0,0,0,0,0,0,0,0,0,0,0,0,0,0,0,0,0,0,0,0,0,0,0,0,0,0,0,0,0,0,0,0,0,0,0,0,100,0,0,0,-1,0,0,0,0,False
20000,0,0,60,"","",0,18,0,0,0,0,False,0,0,0,0,0,0,0,0,0,0,0,0,0,0,0,0,0,0,0,0,0,0,0,0,0,0,0,0,0,0,0,0,0,0,0,0,0,100,0,0,0,-1,0,0,0,0,False
20001,4,0,60,"伊弗利特讨伐战","",120,18,86,0,56,0,False,0,0,0,2600,2605,1,1500,2000,0,0,0,0,0,0,0,0,0,0,0,0,0,0,0,0,0,0,0,0,0,0,0,0,0,0,0,0,0,60,0,2,0,-1,0,0,0,0,False
20002,4,0,60,"泰坦讨伐战","",157,18,244,0,57,0,False,0,0,0,3800,3811,2,2200,4200,0,0,0,0,0,0,0,0,0,0,0,0,0,0,0,0,0,0,0,0,0,0,0,0,0,0,0,0,0,60,0,2,0,-1,0,0,0,0,False
20003,4,0,60,"迦楼罗讨伐战","",155,18,252,0,58,0,False,0,0,0,3700,3705,3,2700,6000,0,0,0,0,0,0,0,0,0,0,0,0,0,0,0,0,0,0,0,0,0,0,0,0,0,0,0,0,0,60,0,2,0,-1,0,0,0,0,False
20004,4,0,60,"伊弗利特歼灭战","",120,18,363,0,59,0,False,0,0,0,2600,2605,200,0,0,60,0,0,12,0,0,0,0,0,0,0,0,0,0,0,0,0,0,0,0,0,0,0,0,0,0,0,0,23,30,0,2,0,-1,0,0,0,0,False
20005,4,0,60,"泰坦歼灭战","",157,18,367,0,60,0,False,0,0,0,3800,3811,202,0,0,75,0,0,15,0,0,0,0,0,0,0,0,0,0,0,0,0,0,0,0,0,0,0,0,0,0,0,0,25,30,0,2,0,-1,0,0,0,0,False
20006,4,0,60,"迦楼罗歼灭战","",155,18,365,0,61,0,False,0,0,0,3700,3705,201,0,0,60,0,0,12,0,0,0,0,0,0,0,0,0,0,0,0,0,0,0,0,0,0,0,0,0,0,0,0,27,30,0,2,0,-1,0,0,0,0,False
20007,4,0,60,"里塔提恩强攻战","",151,18,262,0,62,0,False,0,0,0,3600,3603,4,2950,7000,0,0,0,0,0,0,0,0,0,0,0,0,0,0,0,0,0,0,0,0,0,0,0,0,0,0,0,0,20,30,0,2,0,-1,0,0,0,0,False
20008,4,0,60,"伊弗利特歼殛战","",120,18,395,0,63,0,False,0,0,0,2600,2605,303,0,0,100,0,0,20,0,0,0,0,0,0,0,0,0,0,0,0,0,0,0,0,0,0,0,0,0,0,0,0,24,100,0,1,0,-1,0,0,0,0,False
20009,4,0,60,"泰坦歼殛战","",157,18,399,0,64,0,False,0,0,0,3800,3805,302,0,0,100,0,0,20,0,0,0,0,0,0,0,0,0,0,0,0,0,0,0,0,0,0,0,0,0,0,0,0,26,100,0,1,0,-1,0,0,0,0,False
20010,4,0,60,"迦楼罗歼殛战","",155,18,397,0,65,0,False,0,0,0,3700,3705,301,0,0,100,0,0,20,0,0,0,0,0,0,0,0,0,0,0,0,0,0,0,0,0,0,0,0,0,0,0,0,28,100,0,1,0,-1,0,0,0,0,False
20011,4,0,60,"莫古力贤王歼灭战","",178,18,401,0,66,0,False,0,0,0,4900,4902,203,0,0,60,0,0,12,0,0,0,0,0,0,0,0,0,0,0,0,0,0,0,0,0,0,0,0,0,0,0,0,29,30,0,2,0,-1,0,0,0,0,False
20012,4,0,60,"莫古力贤王歼殛战","",178,18,514,0,67,0,False,0,0,0,4900,4906,304,0,0,100,0,0,20,0,0,0,0,0,0,0,0,0,0,0,0,0,0,0,0,0,0,0,0,0,0,0,0,30,100,0,1,0,-1,0,0,0,0,False
20013,4,0,60,"究极神兵破坏作战","",150,18,403,0,68,0,False,0,0,0,4044,4050,300,0,0,75,0,0,15,0,0,0,0,0,0,0,0,0,0,0,0,0,0,0,0,0,0,0,0,0,0,0,0,31,100,0,1,0,-1,0,0,0,0,False
20014,4,0,15,"活动挑战1","",157,18,0,0,69,0,False,0,0,0,3800,3805,9999,0,0,0,0,0,0,0,0,0,0,0,0,0,0,0,0,0,0,0,0,0,0,0,0,0,0,0,0,0,0,0,100,0,0,0,-1,0,0,0,0,False
20015,4,0,15,"活动挑战2","",470,18,0,0,70,0,False,0,0,0,20700,20715,9997,0,0,0,0,0,0,0,0,0,0,0,0,0,0,0,0,0,0,0,0,0,0,0,0,0,0,0,0,0,0,0,100,0,0,0,-1,0,0,22,0,False
20016,4,0,15,"活动挑战3","",365,18,0,0,71,0,False,0,0,0,9900,9907,9998,0,0,0,0,0,0,0,0,0,0,0,0,0,0,0,0,0,0,0,0,0,0,0,0,0,0,0,0,0,0,0,100,0,0,0,-1,0,0,0,0,False
20017,4,0,60,"利维亚桑歼灭战","",203,18,470,0,72,0,False,0,0,0,5200,5205,204,0,0,75,0,0,15,0,0,0,0,0,0,0,0,0,0,0,0,0,0,0,0,0,0,0,0,0,0,0,0,35,30,0,2,0,-1,0,0,0,0,False
20018,4,0,60,"利维亚桑歼殛战","",203,18,526,0,73,0,False,0,0,0,5200,5207,305,0,0,100,0,0,20,0,0,0,0,0,0,0,0,0,0,0,0,0,0,0,0,0,0,0,0,0,0,0,0,36,100,0,1,0,-1,0,0,0,0,False
20019,4,0,60,"死化奇美拉讨伐战","",36,18,502,0,74,0,False,0,0,0,0,0,100,0,0,50,0,0,10,0,0,0,0,0,0,0,0,0,0,0,0,0,0,0,0,0,0,0,0,0,0,0,0,0,30,0,2,0,-1,0,0,0,0,False
20020,4,0,60,"海德拉讨伐战","",36,18,503,0,75,0,False,0,0,0,0,0,101,0,0,50,0,0,10,0,0,0,0,0,0,0,0,0,0,0,0,0,0,0,0,0,0,0,0,0,0,0,0,0,30,0,2,0,-1,0,0,0,0,False
20021,4,0,60,"大桥上的决斗","",201,18,512,4630934,76,0,False,0,0,0,5501,5513,102,0,0,50,0,0,10,0,0,0,0,0,0,0,0,0,0,0,0,0,0,0,0,0,0,0,0,0,0,0,0,21,30,0,4,0,-1,0,0,0,0,False
20022,4,0,60,"拉姆歼灭战","",221,18,561,0,77,0,False,0,0,0,6200,6205,205,0,0,75,0,0,15,0,0,0,0,0,0,0,0,0,0,0,0,0,0,0,0,0,0,0,0,0,0,0,0,33,30,0,2,0,-1,0,0,0,0,False
20023,4,0,60,"拉姆歼殛战","",221,18,563,0,78,0,False,0,0,0,6200,6205,306,0,0,100,0,0,20,0,0,0,0,0,0,0,0,0,0,0,0,0,0,0,0,0,0,0,0,0,0,0,0,34,100,0,1,0,-1,0,0,0,0,False
20024,4,0,60,"希瓦歼灭战","",230,18,622,0,79,0,False,0,0,0,7100,7104,206,0,0,75,0,0,15,0,0,0,0,0,0,0,0,0,0,0,0,0,0,0,0,0,0,0,0,0,0,0,0,37,30,0,2,0,-1,0,0,0,0,False
20025,4,0,60,"希瓦歼殛战","",230,18,643,0,80,0,False,0,0,0,7100,7104,307,0,0,100,0,0,22,0,0,0,0,0,0,0,0,0,0,0,0,0,0,0,0,0,0,0,0,0,0,0,0,1,100,0,1,0,-1,0,0,0,0,False
20026,4,0,60,"艾玛吉娜杯斗技大会决赛","",232,18,645,0,81,0,False,0,0,0,7600,7603,103,0,0,75,0,0,15,0,0,0,0,0,0,0,0,0,0,0,0,0,0,0,0,0,0,0,0,0,0,0,0,19,30,0,2,0,-1,0,0,0,0,False
20027,4,0,60,"奥丁歼灭战","",227,18,735,0,82,0,False,0,0,0,0,0,104,0,0,80,0,0,15,0,0,0,0,0,0,0,0,0,0,0,0,0,0,0,0,0,0,0,0,0,0,0,0,32,100,0,2,0,-1,0,0,0,0,False
20028,4,0,60,"皇都伊修加德保卫战","",254,18,745,0,83,0,False,0,0,0,8000,8029,6,0,0,100,0,0,15,0,0,0,0,0,0,0,0,0,0,0,0,0,0,0,0,0,0,0,0,0,0,0,0,0,60,0,2,0,-1,0,0,0,0,False
20029,4,0,60,"那布里亚勒斯讨伐战","",173,18,777,0,84,0,False,0,0,0,7800,7806,5,0,0,100,0,0,15,0,0,0,0,0,0,0,0,0,0,0,0,0,0,0,0,0,0,0,0,0,0,0,0,0,30,0,2,0,-1,0,0,0,0,False
20030,4,0,60,"无限城的死斗","",242,18,766,0,85,0,False,0,0,0,7900,7907,105,0,0,80,0,0,15,0,0,0,0,0,0,0,0,0,0,0,0,0,0,0,0,0,0,0,0,0,0,0,0,22,30,0,4,0,-1,0,0,0,0,False
20031,4,0,60,"罗波那歼灭战","",310,18,1023,0,86,0,False,0,0,0,8400,8408,400,3000,8500,0,0,0,0,0,0,0,0,0,0,0,0,0,0,0,0,0,0,0,0,0,0,0,0,0,0,0,0,44,30,0,2,0,-1,0,0,0,0,False
20032,4,0,60,"罗波那歼殛战","",310,18,1017,0,87,0,False,0,0,0,8400,8408,404,0,0,100,0,0,15,0,0,0,0,0,0,0,0,0,0,0,0,0,0,0,0,0,0,0,0,0,0,0,0,38,100,0,1,0,-1,0,0,0,0,False
20033,4,0,60,"俾斯麦歼灭战","",311,18,1014,0,88,0,False,0,0,0,9000,9007,401,3000,11500,0,0,0,0,0,0,0,0,0,0,0,0,0,0,0,0,0,0,0,0,0,0,0,0,0,0,0,0,45,30,0,2,0,-1,0,0,0,0,False
20034,4,0,60,"俾斯麦歼殛战","",311,18,1024,0,89,0,False,0,0,0,9000,9007,403,0,0,100,0,0,15,0,0,0,0,0,0,0,0,0,0,0,0,0,0,0,0,0,0,0,0,0,0,0,0,39,100,0,1,0,-1,0,0,0,0,False
20035,4,0,60,"圆桌骑士歼灭战","",312,18,903,0,90,0,False,0,0,0,8800,8807,402,0,0,75,0,0,10,0,0,0,0,0,0,0,0,0,0,0,0,0,0,0,0,0,0,0,0,0,0,0,0,0,30,0,2,0,-1,0,0,0,0,False
20036,4,0,60,"圆桌骑士幻想歼灭战","",341,18,1072,0,91,0,False,0,0,0,8800,8808,405,0,0,100,0,0,20,0,0,0,0,0,0,0,0,0,0,0,0,0,0,0,0,0,0,0,0,0,0,0,0,54,100,0,1,0,-1,0,0,0,0,False
20037,4,0,60,"萨菲洛特歼灭战","",365,18,1118,0,134,0,False,0,0,0,9900,9907,406,0,0,75,0,0,10,0,0,0,0,0,0,0,0,0,0,0,0,0,0,0,0,0,0,0,0,0,0,0,0,73,30,0,2,0,-1,0,0,0,0,False
20038,4,0,60,"萨菲洛特歼殛战","",365,18,1165,0,135,0,False,0,0,0,9900,9907,407,0,0,100,0,0,20,0,0,0,0,0,0,0,0,0,0,0,0,0,0,0,0,0,0,0,0,0,0,0,0,67,100,0,1,0,-1,0,0,0,0,False
20039,4,0,60,"尼德霍格征龙战","",382,18,1225,0,169,0,False,0,0,0,12600,12609,408,0,0,75,0,0,10,0,0,0,0,0,0,0,0,0,0,0,0,0,0,0,0,0,0,0,0,0,0,0,0,87,30,0,2,0,-1,0,0,0,0,False
20040,4,0,60,"尼德霍格传奇征龙战","",382,18,1227,0,170,0,False,0,0,0,12600,12609,409,0,0,100,0,0,20,0,0,0,0,0,0,0,0,0,0,0,0,0,0,0,0,0,0,0,0,0,0,0,0,86,100,0,1,0,-1,0,0,0,0,False
20041,4,0,60,"索菲娅歼灭战","",365,18,1293,0,183,0,False,0,0,0,13100,13113,410,0,0,100,0,0,15,0,0,0,0,0,0,0,0,0,0,0,0,0,0,0,0,0,0,0,0,0,0,0,0,92,30,0,2,0,-1,0,0,0,0,False
20042,4,0,60,"索菲娅歼殛战","",365,18,1295,0,184,0,False,0,0,0,13100,13113,411,0,0,100,0,0,25,0,0,0,0,0,0,0,0,0,0,0,0,0,0,0,0,0,0,0,0,0,0,0,0,88,100,0,1,0,-1,0,0,0,0,False
20043,4,0,60,"祖尔宛歼灭战","",365,18,1336,0,223,0,False,0,0,0,14300,14327,412,0,0,100,0,0,15,0,0,0,0,0,0,0,0,0,0,0,0,0,0,0,0,0,0,0,0,0,0,0,0,105,30,0,2,0,-1,0,0,0,0,False
20044,4,0,60,"祖尔宛歼殛战","",365,18,1364,0,224,0,False,0,0,0,14300,14327,413,0,0,100,0,0,25,0,0,0,0,0,0,0,0,0,0,0,0,0,0,0,0,0,0,0,0,0,0,0,0,106,100,0,2,0,-1,0,0,0,0,False
20045,4,0,60,"神龙歼灭战","",468,18,1605,0,239,0,False,0,0,0,16900,16903,0,0,0,0,20,0,0,10,5,0,0,0,0,0,0,0,0,0,0,0,0,0,0,0,0,0,0,0,0,0,0,115,30,0,2,0,-1,0,2,3,1,False
20046,4,0,60,"须佐之男歼灭战","",466,18,1569,0,243,0,False,0,0,0,17200,17208,415,3000,27000,0,0,0,0,0,0,0,0,0,0,0,0,0,0,0,0,0,0,0,0,0,0,0,0,0,0,0,0,116,30,0,2,0,-1,0,3,0,0,False
20047,4,0,60,"须佐之男歼殛战","",466,18,1571,0,244,0,False,0,0,0,17200,17208,416,0,0,0,30,0,0,15,8,0,0,0,0,0,0,0,0,0,0,0,0,0,0,0,0,0,0,0,0,0,0,117,100,0,1,0,-1,0,3,0,0,False
20048,4,0,60,"吉祥天女歼灭战","",467,18,1565,0,263,0,False,0,0,0,16300,16314,417,3000,32000,0,0,0,0,0,0,0,0,0,0,0,0,0,0,0,0,0,0,0,0,0,0,0,0,0,0,0,0,118,30,0,2,0,-1,0,4,0,3,False
20049,4,0,60,"吉祥天女歼殛战","",467,18,1567,0,264,0,False,0,0,0,16300,16314,418,0,0,0,30,0,0,15,8,0,0,0,0,0,0,0,0,0,0,0,0,0,0,0,0,0,0,0,0,0,0,119,100,0,1,0,-1,0,4,7,3,False
20050,4,0,60,"神龙梦幻歼灭战","",468,18,1649,0,278,0,False,0,0,0,16900,16905,0,0,0,0,40,0,0,20,10,0,0,0,0,0,0,0,0,0,0,0,0,0,0,0,0,0,0,0,0,0,0,122,100,0,1,0,-1,0,5,3,5,False
20051,4,0,60,"白虎镇魂战","",521,18,1733,0,290,0,False,0,0,0,18600,18613,419,0,0,0,20,0,0,12,6,0,0,0,0,0,0,0,0,0,0,0,0,0,0,0,0,0,0,0,0,0,0,135,100,0,2,0,-1,0,4,0,0,False
20052,4,0,60,"白虎诗魂战","",521,18,1735,0,291,0,False,0,0,0,18600,18613,420,0,0,0,40,0,0,25,13,0,0,0,0,0,0,0,0,0,0,0,0,0,0,0,0,0,0,0,0,0,0,136,100,0,1,0,-1,0,4,0,0,False
20053,4,0,60,"火龙狩猎战","",548,550,1783,0,474,0,False,0,0,0,0,0,0,0,0,0,20,0,0,10,5,0,0,0,0,0,0,0,0,0,0,0,0,0,0,0,0,0,0,0,0,0,0,0,100,0,0,0,-1,0,7,16,0,False
20054,4,0,60,"火龙上位狩猎战","",548,550,1798,0,475,0,False,0,0,0,0,0,0,0,0,0,50,0,0,15,8,0,0,0,0,0,0,0,0,0,0,0,0,0,0,0,0,0,0,0,0,0,0,0,100,0,0,0,-1,0,7,16,0,False
20055,4,0,60,"月读歼灭战","",541,18,1785,0,537,0,False,0,0,0,19500,19533,421,0,0,0,20,0,0,12,7,0,0,0,0,0,0,0,0,0,0,0,0,0,0,0,0,0,0,0,0,0,0,143,100,0,2,0,-1,0,0,17,0,False
20056,4,0,60,"月读幽夜歼灭战","",541,18,1787,0,538,0,False,0,0,0,19500,19533,422,0,0,0,50,0,0,25,14,0,0,0,0,0,0,0,0,0,0,0,0,0,0,0,0,0,0,0,0,0,0,144,100,0,1,0,-1,0,0,17,0,False
20057,4,0,60,"朱雀镇魂战","",521,18,1831,0,596,0,False,0,0,0,19900,19915,0,0,0,0,20,0,0,12,8,0,0,0,0,0,0,0,0,0,0,0,0,0,0,0,0,0,0,0,0,0,0,147,100,0,2,0,-1,0,0,23,12,False
20058,4,0,60,"朱雀诗魂战","",521,18,1833,0,597,0,False,0,0,0,19900,19915,0,0,0,0,50,0,0,25,15,0,0,0,0,0,0,0,0,0,0,0,0,0,0,0,0,0,0,0,0,0,0,148,100,0,1,0,-1,0,0,23,12,False
20059,4,0,60,"保镖歼灭战","",470,18,1851,0,595,0,False,0,0,0,20700,20715,0,0,0,0,20,0,0,10,5,0,0,0,0,0,0,0,0,0,0,0,0,0,0,0,0,0,0,0,0,0,0,161,100,0,0,0,-1,0,0,22,0,False
20060,4,0,60,"青龙镇魂战","",521,18,1924,0,637,0,False,0,0,0,21000,21021,0,0,0,0,20,0,0,12,9,0,0,0,0,0,0,0,0,0,0,0,0,0,0,0,0,0,0,0,0,0,0,163,100,0,0,0,-1,0,4,29,0,False
20061,4,0,60,"青龙诗魂战","",521,18,1926,0,638,0,False,0,0,0,21000,21021,0,0,0,0,50,0,0,25,16,0,0,0,0,0,0,0,0,0,0,0,0,0,0,0,0,0,0,0,0,0,0,164,100,0,0,0,-1,0,4,29,0,False
20062,0,0,60,"","",0,18,0,0,0,0,False,0,0,0,0,0,0,0,0,0,0,0,0,0,0,0,0,0,0,0,0,0,0,0,0,0,0,0,0,0,0,0,0,0,0,0,0,0,100,0,0,0,-1,0,0,0,0,False
25000,0,0,60,"","",0,18,0,0,0,0,False,0,0,0,0,0,0,0,0,0,0,0,0,0,0,0,0,0,0,0,0,0,0,0,0,0,0,0,0,0,0,0,0,0,0,0,0,0,100,0,0,0,-1,0,0,0,0,False
25001,11,0,30,"亡灵府邸闹鬼庄园","",408,18,1339,6381330,181,0,False,0,0,0,12900,12941,0,0,0,0,0,0,0,0,0,0,0,0,0,0,0,0,0,0,0,0,0,0,0,0,0,0,0,0,0,0,0,159,100,0,0,0,-1,0,0,0,0,False
25002,11,0,30,"良缘仪式","",539,0,1739,7186180,473,0,True,0,0,0,18700,18739,0,0,0,0,0,0,0,0,0,0,0,0,0,0,0,0,0,0,0,0,0,0,0,0,0,0,0,0,0,0,0,0,100,0,0,0,-1,0,0,15,0,False
25003,0,0,60,"","",0,18,0,0,0,0,False,0,0,0,0,0,0,0,0,0,0,0,0,0,0,0,0,0,0,0,0,0,0,0,0,0,0,0,0,0,0,0,0,0,0,0,0,0,100,0,0,0,-1,0,0,0,0,False
30000,0,0,60,"","",0,18,0,0,0,0,False,0,0,0,0,0,0,0,0,0,0,0,0,0,0,0,0,0,0,0,0,0,0,0,0,0,0,0,0,0,0,0,0,0,0,0,0,0,100,0,0,0,-1,0,0,0,0,False
30001,1,0,120,"水晶塔 古代人迷宫","",180,18,409,4317125,92,0,False,0,0,0,4700,4708,1,0,0,50,0,64800,40,0,0,10800,17280,25920,0,0,10,20,30,0,0,0,0,0,0,0,0,0,0,0,0,0,0,76,100,0,0,0,-1,0,0,0,0,False
30002,1,0,90,"巴哈姆特大迷宫 邂逅之章1","",146,18,375,4293363,93,0,False,0,0,1466,4100,4101,4,0,0,100,0,0,10,0,0,0,0,0,0,0,0,0,0,0,0,0,0,0,0,0,0,0,0,0,0,0,0,0,100,0,8,0,-1,0,0,0,0,False
30003,1,0,90,"巴哈姆特大迷宫 邂逅之章2","",147,18,380,4294907,94,0,False,0,0,1459,0,0,5,0,0,100,0,0,10,0,0,0,0,0,0,0,0,0,0,0,0,0,0,0,0,0,0,0,0,0,0,0,0,0,100,0,8,0,-1,0,0,0,0,False
30004,1,0,90,"巴哈姆特大迷宫 邂逅之章3","",146,18,382,4294864,95,0,False,0,0,0,4200,4201,6,0,0,0,0,0,0,0,0,0,0,0,0,0,0,0,0,0,0,0,0,0,0,0,0,0,0,0,0,0,0,0,100,0,0,0,-1,0,0,0,0,False
30005,1,0,90,"巴哈姆特大迷宫 邂逅之章4","",146,18,0,4374569,96,0,False,0,0,0,4300,4300,7,0,0,100,0,0,10,0,0,0,0,0,0,0,0,0,0,0,0,0,0,0,0,0,0,0,0,0,0,0,0,0,100,0,8,0,-1,0,0,0,0,False
30006,1,0,90,"巴哈姆特大迷宫 邂逅之章5","",146,18,385,4294951,97,0,False,0,0,1482,0,0,8,0,0,100,0,0,10,0,0,0,0,0,0,0,0,0,0,0,0,0,0,0,0,0,0,0,0,0,0,0,0,0,100,0,8,0,-1,0,0,0,0,False
30007,1,0,90,"巴哈姆特大迷宫 入侵之章1","",202,18,476,4616593,98,0,False,0,0,2609,5600,5600,9,0,0,100,0,0,20,0,0,0,0,0,0,0,0,0,0,0,0,0,0,0,0,0,0,0,0,0,0,0,0,0,100,0,6,0,-1,0,0,0,0,False
30008,1,0,90,"巴哈姆特大迷宫 入侵之章2","",202,18,0,4646974,99,0,False,0,0,2610,5700,5700,10,0,0,100,0,0,20,0,0,0,0,0,0,0,0,0,0,0,0,0,0,0,0,0,0,0,0,0,0,0,0,0,100,0,6,0,-1,0,0,0,0,False
30009,1,0,90,"巴哈姆特大迷宫 入侵之章3","",202,18,485,4649327,100,0,False,0,0,2611,5800,5800,11,0,0,100,0,0,20,0,0,0,0,0,0,0,0,0,0,0,0,0,0,0,0,0,0,0,0,0,0,0,0,0,100,0,6,0,-1,0,0,0,0,False
30010,1,0,90,"巴哈姆特大迷宫 入侵之章4","",198,18,489,0,101,0,False,0,0,2612,5900,5905,12,0,0,100,0,0,20,0,0,0,0,0,0,0,0,0,0,0,0,0,0,0,0,0,0,0,0,0,0,0,0,0,100,0,6,0,-1,0,0,0,0,False
30011,1,0,120,"水晶塔 希尔科斯塔","",218,18,550,4723161,102,0,False,0,0,2824,6300,6325,2,0,0,50,0,64800,40,0,0,10800,17280,25920,0,0,10,20,30,0,0,0,0,0,0,0,0,0,0,0,0,0,0,77,100,0,0,0,-1,0,0,0,0,False
30012,1,0,90,"巴哈姆特零式大迷宫 入侵之章1","",202,18,596,4616593,103,0,False,0,0,2609,5600,5600,13,0,0,100,0,0,20,0,0,0,0,0,0,0,0,0,0,0,0,0,0,0,0,0,0,0,0,0,0,0,0,0,100,0,0,0,-1,0,0,0,0,False
30013,1,0,90,"巴哈姆特零式大迷宫 入侵之章2","",202,18,0,4646974,104,0,False,0,0,2610,5700,5700,14,0,0,100,0,0,20,0,0,0,0,0,0,0,0,0,0,0,0,0,0,0,0,0,0,0,0,0,0,0,0,0,100,0,0,0,-1,0,0,0,0,False
30014,1,0,90,"巴哈姆特零式大迷宫 入侵之章3","",202,18,598,4649327,105,0,False,0,0,2611,5800,5800,15,0,0,100,0,0,20,0,0,0,0,0,0,0,0,0,0,0,0,0,0,0,0,0,0,0,0,0,0,0,0,0,100,0,0,0,-1,0,0,0,0,False
30015,1,0,90,"巴哈姆特零式大迷宫 入侵之章4","",198,18,599,0,106,0,False,0,0,2612,5900,5905,16,0,0,100,0,0,20,0,0,0,0,0,0,0,0,0,0,0,0,0,0,0,0,0,0,0,0,0,0,0,0,0,100,0,0,0,-1,0,0,0,0,False
30016,1,0,90,"巴哈姆特大迷宫 真源之章1","",146,18,631,4894217,107,0,False,0,0,3192,6900,6900,17,0,0,100,0,0,30,0,0,0,0,0,0,0,0,0,0,0,0,0,0,0,0,0,0,0,0,0,0,0,0,0,100,0,6,0,-1,0,0,0,0,False
30017,1,0,90,"巴哈姆特大迷宫 真源之章2","",202,18,658,4895391,108,0,False,0,0,3197,7000,7000,18,0,0,100,0,0,30,0,0,0,0,0,0,0,0,0,0,0,0,0,0,0,0,0,0,0,0,0,0,0,0,0,100,0,6,0,-1,0,0,0,0,False
30018,1,0,90,"巴哈姆特大迷宫 真源之章3","",236,18,634,0,109,0,False,0,0,3204,0,0,19,0,0,100,0,0,30,0,0,0,0,0,0,0,0,0,0,0,0,0,0,0,0,0,0,0,0,0,0,0,0,0,100,0,6,0,-1,0,0,0,0,False
30019,1,0,90,"巴哈姆特大迷宫 真源之章4","",240,18,638,0,110,0,False,0,0,3210,7200,7205,20,0,0,100,0,0,30,0,0,0,0,0,0,0,0,0,0,0,0,0,0,0,0,0,0,0,0,0,0,0,0,0,100,0,6,0,-1,0,0,0,0,False
30020,1,0,120,"水晶塔 暗之世界","",247,18,774,5032239,111,0,False,0,0,0,7400,7418,3,0,0,50,0,86400,40,0,0,14400,23040,34560,0,0,10,20,30,0,0,0,0,0,0,0,0,0,0,0,0,0,0,18,100,0,0,0,-1,0,0,0,0,False
30021,1,0,90,"亚历山大机神城 启动之章1","",323,18,998,5787758,112,0,False,0,0,3747,9200,9202,40,0,0,100,0,56200,10,0,0,0,0,0,0,0,0,0,0,0,0,0,0,0,0,0,0,0,0,0,0,562000,0,55,15,0,0,0,-1,0,0,0,0,False
30022,1,0,90,"亚历山大机神城 启动之章2","",323,18,1001,5787830,113,0,False,0,0,0,9300,9308,41,0,0,100,0,70250,10,0,0,0,0,0,0,0,0,0,0,0,0,0,0,0,0,0,0,0,0,0,0,562000,0,56,15,0,0,0,-1,0,0,0,0,False
30023,1,0,90,"亚历山大机神城 启动之章3","",323,18,1004,5787952,114,0,False,0,0,3765,9400,9401,42,0,0,100,0,70250,10,0,0,0,0,0,0,0,0,0,0,0,0,0,0,0,0,0,0,0,0,0,0,562000,0,57,15,0,0,0,-1,0,0,0,0,False
30024,1,0,90,"亚历山大机神城 启动之章4","",327,18,1007,0,115,0,False,0,0,3772,0,0,43,0,0,100,0,56200,10,0,0,0,0,0,0,0,0,0,0,0,0,0,0,0,0,0,0,0,0,0,0,562000,0,58,15,0,0,0,-1,0,0,0,0,False
30025,1,0,90,"亚历山大零式机神城 启动之章1","",323,18,1027,5911087,116,0,False,0,0,3747,9201,9202,44,0,0,100,0,0,15,0,0,0,0,0,0,0,0,0,0,0,0,0,0,0,0,0,0,0,0,0,0,0,0,40,100,0,6,0,-1,0,0,0,0,False
30026,1,0,90,"亚历山大零式机神城 启动之章2","",323,18,1030,5908675,117,0,False,0,0,0,9303,9308,45,0,0,100,0,0,15,0,0,0,0,0,0,0,0,0,0,0,0,0,0,0,0,0,0,0,0,0,0,0,0,41,100,0,6,0,-1,0,0,0,0,False
30027,1,0,90,"亚历山大零式机神城 启动之章3","",323,18,1032,5911896,118,0,False,0,0,3765,9400,9401,46,0,0,100,0,0,15,0,0,0,0,0,0,0,0,0,0,0,0,0,0,0,0,0,0,0,0,0,0,0,0,42,100,0,6,0,-1,0,0,0,0,False
30028,1,0,90,"亚历山大零式机神城 启动之章4","",327,18,1034,0,119,0,False,0,0,3772,0,0,47,0,0,100,0,0,15,0,0,0,0,0,0,0,0,0,0,0,0,0,0,0,0,0,0,0,0,0,0,0,0,43,100,0,6,0,-1,0,0,0,0,False
30029,1,0,120,"魔航船虚无方舟","",347,18,1063,5965023,120,0,False,0,0,0,9600,9621,30,0,0,50,0,229908,40,0,0,38317,61308,91963,0,0,10,20,30,0,0,0,0,0,0,0,0,0,0,0,0,0,0,50,100,0,0,0,-1,0,0,0,0,False
30030,1,0,90,"亚历山大机神城 律动之章1","",323,18,1120,6177867,136,0,False,0,0,4687,10100,10107,48,0,0,100,0,84300,10,0,0,0,0,0,0,0,0,0,0,0,0,0,0,0,0,0,0,0,0,0,0,562000,0,0,15,0,0,0,-1,0,0,0,0,False
30031,1,0,90,"亚历山大机神城 律动之章2","",323,18,1123,6177897,137,0,False,0,0,4706,10200,10209,49,0,0,100,0,84300,10,0,0,0,0,0,0,0,0,0,0,0,0,0,0,0,0,0,0,0,0,0,0,562000,0,0,15,0,0,0,-1,0,0,0,0,False
30032,1,0,90,"亚历山大机神城 律动之章3","",323,18,1126,6177869,138,0,False,0,0,3376,10300,10306,50,0,0,100,0,84300,10,0,0,0,0,0,0,0,0,0,0,0,0,0,0,0,0,0,0,0,0,0,0,562000,0,0,15,0,0,0,-1,0,0,0,0,False
30033,1,0,90,"亚历山大机神城 律动之章4","",327,18,1129,0,139,0,False,0,0,4707,10600,10615,51,0,0,100,0,84300,10,0,0,0,0,0,0,0,0,0,0,0,0,0,0,0,0,0,0,0,0,0,0,562000,0,62,15,0,0,0,-1,0,0,0,0,False
30034,1,0,90,"亚历山大零式机神城 律动之章1","",323,18,1131,6184203,147,0,False,0,0,4687,10100,10108,52,0,0,100,0,0,15,0,0,0,0,0,0,0,0,0,0,0,0,0,0,0,0,0,0,0,0,0,0,0,0,63,100,0,6,0,-1,0,0,0,0,False
30035,1,0,90,"亚历山大零式机神城 律动之章2","",324,18,1134,6184207,148,0,False,0,0,4706,10200,10209,53,0,0,100,0,0,15,0,0,0,0,0,0,0,0,0,0,0,0,0,0,0,0,0,0,0,0,0,0,0,0,64,100,0,6,0,-1,0,0,0,0,False
30036,1,0,90,"亚历山大零式机神城 律动之章3","",324,18,1136,6184214,149,0,False,0,0,3376,10300,10306,54,0,0,100,0,0,15,0,0,0,0,0,0,0,0,0,0,0,0,0,0,0,0,0,0,0,0,0,0,0,0,65,100,0,6,0,-1,0,0,0,0,False
30037,1,0,90,"亚历山大零式机神城 律动之章4","",327,18,1138,0,150,0,False,0,0,4707,10600,10615,55,0,0,100,0,0,15,0,0,0,0,0,0,0,0,0,0,0,0,0,0,0,0,0,0,0,0,0,0,0,0,66,100,0,6,0,-1,0,0,0,0,False
30038,1,0,120,"禁忌城邦玛哈","",393,18,1207,6256395,168,0,False,0,0,0,12700,12749,31,0,0,50,0,229908,40,0,0,38317,61308,91963,0,0,10,20,30,0,0,0,0,0,0,0,0,0,0,0,0,0,0,81,100,0,0,0,-1,0,0,0,0,False
30039,1,0,90,"亚历山大机神城 天动之章1","",323,18,1282,6526593,186,0,False,0,0,5170,13400,13414,57,0,0,100,0,98350,20,0,0,0,0,0,0,0,0,0,0,0,0,0,0,0,0,0,0,0,0,0,0,562000,0,0,15,0,0,0,-1,0,0,0,0,False
30040,1,0,90,"亚历山大机神城 天动之章2","",323,18,1285,6493954,187,0,False,0,0,5180,13500,13507,58,0,0,100,0,98350,20,0,0,0,0,0,0,0,0,0,0,0,0,0,0,0,0,0,0,0,0,0,0,562000,0,0,15,0,0,0,-1,0,0,0,0,False
30041,1,0,90,"亚历山大机神城 天动之章3","",323,18,1288,6531769,188,0,False,0,0,5186,13600,13609,59,0,0,100,0,98350,20,0,0,0,0,0,0,0,0,0,0,0,0,0,0,0,0,0,0,0,0,0,0,562000,0,0,15,0,0,0,-1,0,0,0,0,False
30042,1,0,90,"亚历山大机神城 天动之章4","",412,18,1338,0,189,0,False,0,0,5193,13700,13717,60,0,0,100,0,98350,20,0,0,0,0,0,0,0,0,0,0,0,0,0,0,0,0,0,0,0,0,0,0,562000,0,96,15,0,0,0,-1,0,0,0,0,False
30043,1,0,90,"亚历山大零式机神城 天动之章1","",323,18,1315,6480216,190,0,False,0,0,5170,13400,13414,61,0,0,100,0,0,30,0,0,0,0,0,0,0,0,0,0,0,0,0,0,0,0,0,0,0,0,0,0,0,0,97,100,0,6,0,-1,0,0,0,0,False
30044,1,0,90,"亚历山大零式机神城 天动之章2","",324,18,1318,6493963,191,0,False,0,0,5180,13500,13507,62,0,0,100,0,0,30,0,0,0,0,0,0,0,0,0,0,0,0,0,0,0,0,0,0,0,0,0,0,0,0,98,100,0,6,30043,-1,0,0,0,0,False
30045,1,0,90,"亚历山大零式机神城 天动之章3","",411,18,1320,6485748,192,0,False,0,0,5186,13600,13609,63,0,0,100,0,0,30,0,0,0,0,0,0,0,0,0,0,0,0,0,0,0,0,0,0,0,0,0,0,0,0,99,100,0,6,30043,-1,0,0,0,0,False
30046,1,0,90,"亚历山大零式机神城 天动之章4","",412,18,1322,0,193,0,False,0,0,5193,13700,13717,64,0,0,100,0,0,30,0,0,0,0,0,0,0,0,0,0,0,0,0,0,0,0,0,0,0,0,0,0,0,0,100,100,0,6,30043,-1,0,0,0,0,False
30047,1,0,120,"影之国","",422,18,1366,6610728,220,0,False,0,0,0,14100,14173,32,0,0,50,0,306545,40,0,0,51090,81745,122618,0,0,10,20,30,0,0,0,0,0,0,0,0,0,0,0,0,0,0,102,100,0,0,0,-1,0,0,0,0,False
30048,0,0,0,"","",0,0,0,0,0,0,False,0,0,0,0,0,0,0,0,0,0,0,0,0,0,0,0,0,0,0,0,0,0,0,0,0,0,0,0,0,0,0,0,0,0,0,0,0,0,0,0,0,0,0,0,0,0,False
30049,1,0,90,"欧米茄时空狭缝 德尔塔幻境1","",480,18,1579,0,252,0,False,0,0,5629,0,0,65,0,0,0,40,0,0,10,5,0,0,0,0,0,0,0,0,0,0,0,0,0,0,0,0,0,0,0,0,0,0,107,100,0,0,0,-1,0,0,0,0,False
30050,1,0,90,"欧米茄时空狭缝 德尔塔幻境2","",480,18,1581,0,253,0,False,0,0,5631,17600,17600,66,0,0,0,40,0,0,10,5,0,0,0,0,0,0,0,0,0,0,0,0,0,0,0,0,0,0,0,0,0,0,108,100,0,0,0,-1,0,0,0,0,False
30051,1,0,90,"欧米茄时空狭缝 德尔塔幻境3","",480,18,1583,0,254,0,False,0,0,5633,17700,17738,67,0,0,0,40,0,0,10,5,0,0,0,0,0,0,0,0,0,0,0,0,0,0,0,0,0,0,0,0,0,0,109,100,0,0,0,-1,0,0,0,0,False
30052,1,0,90,"欧米茄时空狭缝 德尔塔幻境4","",481,18,1585,0,255,0,False,0,0,6052,17800,17810,68,0,0,0,40,0,0,10,5,0,0,0,0,0,0,0,0,0,0,0,0,0,0,0,0,0,0,0,0,0,0,110,100,0,0,0,-1,0,0,0,4,False
30053,1,0,90,"欧米茄零式时空狭缝 德尔塔幻境1","",480,18,1587,0,256,0,False,0,0,5629,0,0,69,0,0,0,100,0,0,0,15,0,0,0,0,0,0,0,0,0,0,0,0,0,0,0,0,0,0,0,0,0,0,111,100,0,5,0,-1,0,0,0,2,False
30054,1,0,90,"欧米茄零式时空狭缝 德尔塔幻境2","",480,18,1589,0,257,0,False,0,0,5631,17600,17600,70,0,0,0,100,0,0,0,15,0,0,0,0,0,0,0,0,0,0,0,0,0,0,0,0,0,0,0,0,0,0,112,100,0,5,30053,-1,0,0,0,0,False
30055,1,0,90,"欧米茄零式时空狭缝 德尔塔幻境3","",480,18,1591,0,258,0,False,0,0,5633,17700,17738,71,0,0,0,100,0,0,0,15,0,0,0,0,0,0,0,0,0,0,0,0,0,0,0,0,0,0,0,0,0,0,113,100,0,5,30053,-1,0,0,0,0,False
30056,1,0,120,"欧米茄零式时空狭缝 德尔塔幻境4","",481,18,1593,0,259,0,False,0,0,6052,17800,17822,72,0,0,0,100,0,0,0,15,0,0,0,0,0,0,0,0,0,0,0,0,0,0,0,0,0,0,0,0,0,0,114,100,0,5,30053,-1,0,0,0,4,False
30057,1,0,120,"巴哈姆特绝境战","",173,18,1651,0,280,0,False,0,0,0,18100,18107,0,0,0,0,100,0,0,0,30,0,0,0,0,0,0,0,0,0,0,0,0,0,0,0,0,0,0,0,0,0,0,123,100,0,0,0,-1,0,0,9,0,False
30058,1,0,120,"失落之都拉巴纳斯塔","",506,509,1646,7069111,281,0,False,0,0,0,18000,18078,0,0,0,0,50,0,0,40,10,0,0,0,0,0,0,0,0,0,0,10,20,30,0,0,0,0,0,0,0,0,0,124,100,0,0,0,-1,0,0,12,0,False
30059,1,0,90,"欧米茄时空狭缝 西格玛幻境1","",529,18,1717,0,286,0,False,0,0,7127,19100,19101,0,0,0,0,40,0,0,10,5,0,0,0,0,0,0,0,0,0,0,0,0,0,0,0,0,0,0,0,0,0,0,0,100,0,0,0,-1,0,0,0,0,False
30060,1,0,90,"欧米茄时空狭缝 西格玛幻境2","",529,18,1719,0,287,0,False,0,0,7097,18900,18912,0,0,0,0,40,0,0,10,5,0,0,0,0,0,0,0,0,0,0,0,0,0,0,0,0,0,0,0,0,0,0,0,100,0,0,0,-1,0,0,0,0,False
30061,1,0,90,"欧米茄时空狭缝 西格玛幻境3","",529,18,1721,0,288,0,False,0,0,7107,18800,18807,0,0,0,0,40,0,0,10,5,0,0,0,0,0,0,0,0,0,0,0,0,0,0,0,0,0,0,0,0,0,0,0,100,0,0,0,-1,0,0,0,0,False
30062,1,0,90,"欧米茄时空狭缝 西格玛幻境4","",529,18,1723,0,289,0,False,0,0,7131,19000,19020,0,0,0,0,40,0,0,10,5,0,0,0,0,0,0,0,0,0,0,0,0,0,0,0,0,0,0,0,0,0,0,130,100,0,0,0,-1,0,0,0,7,False
30063,1,0,90,"欧米茄零式时空狭缝 西格玛幻境1","",529,18,1725,0,292,0,False,0,0,7127,19100,19101,0,0,0,0,100,0,0,0,15,0,0,0,0,0,0,0,0,0,0,0,0,0,0,0,0,0,0,0,0,0,0,131,100,0,5,0,-1,0,0,0,0,False
30064,1,0,90,"欧米茄零式时空狭缝 西格玛幻境2","",529,18,1727,0,293,0,False,0,0,7097,18900,18912,0,0,0,0,100,0,0,0,15,0,0,0,0,0,0,0,0,0,0,0,0,0,0,0,0,0,0,0,0,0,0,132,100,0,5,30063,-1,0,0,0,0,False
30065,1,0,90,"欧米茄零式时空狭缝 西格玛幻境3","",529,18,1729,0,294,0,False,0,0,7107,18800,18808,0,0,0,0,100,0,0,0,15,0,0,0,0,0,0,0,0,0,0,0,0,0,0,0,0,0,0,0,0,0,0,133,100,0,5,30063,-1,0,0,0,0,False
30066,1,0,120,"欧米茄零式时空狭缝 西格玛幻境4","",529,18,1731,0,295,0,False,0,0,7131,19000,19020,0,0,0,0,100,0,0,0,15,0,0,0,0,0,0,0,0,0,0,0,0,0,0,0,0,0,0,0,0,0,0,134,100,0,5,30063,-1,0,4,0,7,False
30067,1,0,120,"究极神兵绝境战","",544,18,1789,0,539,0,False,0,0,0,19300,19320,0,0,0,0,100,0,0,0,30,0,0,0,0,0,0,0,0,0,0,0,0,0,0,0,0,0,0,0,0,0,0,146,100,0,0,0,-1,0,0,19,0,True
30068,1,0,120,"封闭圣塔黎铎拉纳大灯塔","",555,560,1778,7359065,550,0,False,0,0,0,19400,19468,0,0,0,0,50,0,0,40,15,0,0,0,0,0,0,0,0,0,0,10,20,30,0,0,0,0,0,0,0,0,0,145,100,0,0,0,-1,0,0,21,8,False
30069,1,0,90,"欧米茄时空狭缝 阿尔法幻境1","",585,18,1835,0,587,0,False,0,0,7691,20000,20007,0,0,0,0,40,0,0,20,10,0,0,0,0,0,0,0,0,0,0,0,0,0,0,0,0,0,0,0,0,0,0,151,100,0,0,0,-1,0,0,26,10,False
30070,1,0,90,"欧米茄时空狭缝 阿尔法幻境2","",244,18,1837,0,588,0,False,0,0,7641,20500,20507,0,0,0,0,40,0,0,20,10,0,0,0,0,0,0,0,0,0,0,0,0,0,0,0,0,0,0,0,0,0,0,152,100,0,0,0,-1,0,0,24,0,False
30071,1,0,90,"欧米茄时空狭缝 阿尔法幻境3","",586,18,1839,0,589,0,False,0,0,7695,20100,20130,0,0,0,0,40,0,0,20,10,0,0,0,0,0,0,0,0,0,0,0,0,0,0,0,0,0,0,0,0,0,0,153,100,0,0,0,-1,0,0,27,0,False
30072,1,1,90,"欧米茄时空狭缝 阿尔法幻境4","",587,18,1841,0,590,0,False,0,0,7635,20600,20624,0,0,0,0,40,0,0,20,10,0,0,0,0,0,0,0,0,0,0,0,0,0,0,0,0,0,0,0,0,0,0,154,100,0,0,0,-1,0,0,0,11,False
30073,1,0,90,"欧米茄零式时空狭缝 阿尔法幻境1","",585,18,1843,0,591,0,False,0,0,7691,20000,20007,0,0,0,0,100,0,0,0,30,0,0,0,0,0,0,0,0,0,0,0,0,0,0,0,0,0,0,0,0,0,0,155,100,0,4,0,-1,0,0,26,10,False
30074,1,0,90,"欧米茄零式时空狭缝 阿尔法幻境2","",244,18,1845,0,592,0,False,0,0,7641,20500,20507,0,0,0,0,100,0,0,0,30,0,0,0,0,0,0,0,0,0,0,0,0,0,0,0,0,0,0,0,0,0,0,156,100,0,4,30073,-1,0,0,24,0,False
30075,1,0,90,"欧米茄零式时空狭缝 阿尔法幻境3","",586,18,1847,0,593,0,False,0,0,7695,20100,20135,0,0,0,0,100,0,0,0,30,0,0,0,0,0,0,0,0,0,0,0,0,0,0,0,0,0,0,0,0,0,0,157,100,0,4,30073,-1,0,0,0,9,False
30076,1,0,120,"欧米茄零式时空狭缝 阿尔法幻境4","",587,18,1849,0,594,0,False,0,0,7636,20600,20624,0,0,0,0,100,0,0,0,30,0,0,0,0,0,0,0,0,0,0,0,0,0,0,0,0,0,0,0,0,0,0,158,100,0,4,30073,-1,0,0,0,11,False
30077,1,1,120,"乐欲之所瓯博讷修道院","",622,629,1918,7724987,636,0,False,0,0,0,20900,20999,0,0,0,0,50,0,0,40,20,0,0,0,0,0,0,0,0,0,0,10,20,30,0,0,0,0,0,0,0,0,0,160,100,0,0,0,-1,0,4,28,14,False
30078,0,0,60,"","",0,18,0,0,0,0,False,0,0,0,0,0,0,0,0,0,0,0,0,0,0,0,0,0,0,0,0,0,0,0,0,0,0,0,0,0,0,0,0,0,0,0,0,0,100,0,0,0,-1,0,0,0,0,False
35000,0,0,60,"","",0,18,0,0,0,0,False,0,0,0,0,0,0,0,0,0,0,0,0,0,0,0,0,0,0,0,0,0,0,0,0,0,0,0,0,0,0,0,0,0,0,0,0,0,100,0,0,0,-1,0,0,0,0,False
35001,13,0,30,"出道战","",0,18,0,0,610,0,False,0,0,0,0,0,0,0,0,0,0,0,0,0,0,0,0,0,0,0,0,0,0,0,0,0,0,0,0,0,0,0,0,0,0,0,0,0,100,0,0,0,-1,0,0,0,0,False
35002,13,0,30,"布丁拼盘","",0,18,0,0,612,0,False,0,0,0,0,0,0,0,0,0,0,0,0,0,0,0,0,0,0,0,0,0,0,0,0,0,0,0,0,0,0,0,0,0,0,0,0,0,100,0,0,0,-1,0,0,0,0,False
35003,13,0,30,"最初的岩壁——辛巴克那","",0,18,0,0,613,0,False,0,0,0,0,0,0,0,0,0,0,0,0,0,0,0,0,0,0,0,0,0,0,0,0,0,0,0,0,0,0,0,0,0,0,0,0,0,100,0,0,0,-1,0,0,0,0,False
35004,13,0,30,"怪力铁巨人——克利俄斯","",0,18,0,0,614,0,False,0,0,0,0,0,0,0,0,0,0,0,0,0,0,0,0,0,0,0,0,0,0,0,0,0,0,0,0,0,0,0,0,0,0,0,0,0,100,0,0,0,-1,0,0,0,0,False
35005,13,0,30,"金币龟兄弟","",0,18,0,0,615,0,False,0,0,0,0,0,0,0,0,0,0,0,0,0,0,0,0,0,0,0,0,0,0,0,0,0,0,0,0,0,0,0,0,0,0,0,0,0,100,0,0,0,-1,0,0,0,0,False
35006,13,0,30,"铁鹰战士","",0,18,0,0,616,0,False,0,0,0,0,0,0,0,0,0,0,0,0,0,0,0,0,0,0,0,0,0,0,0,0,0,0,0,0,0,0,0,0,0,0,0,0,0,100,0,0,0,-1,0,0,0,0,False
35007,13,0,30,"粘液怪合唱团","",0,18,0,0,617,0,False,0,0,0,0,0,0,0,0,0,0,0,0,0,0,0,0,0,0,0,0,0,0,0,0,0,0,0,0,0,0,0,0,0,0,0,0,0,100,0,0,0,-1,0,0,0,0,False
35008,13,0,30,"青之牙、红之牙","",0,18,0,0,618,0,False,0,0,0,0,0,0,0,0,0,0,0,0,0,0,0,0,0,0,0,0,0,0,0,0,0,0,0,0,0,0,0,0,0,0,0,0,0,100,0,0,0,-1,0,0,0,0,False
35009,13,0,30,"七彩甜点——棉花糖","",0,18,0,0,619,0,False,0,0,0,0,0,0,0,0,0,0,0,0,0,0,0,0,0,0,0,0,0,0,0,0,0,0,0,0,0,0,0,0,0,0,0,0,0,100,0,0,0,-1,0,0,0,0,False
35010,13,0,30,"无头王者——幽黑曲偶","",0,18,0,0,620,0,False,0,0,0,0,0,0,0,0,0,0,0,0,0,0,0,0,0,0,0,0,0,0,0,0,0,0,0,0,0,0,0,0,0,0,0,0,0,100,0,0,0,-1,0,0,0,0,False
35011,13,0,30,"爆前速攻","",0,18,0,0,621,0,False,0,0,0,0,0,0,0,0,0,0,0,0,0,0,0,0,0,0,0,0,0,0,0,0,0,0,0,0,0,0,0,0,0,0,0,0,0,100,0,0,0,-1,0,0,0,0,False
35012,13,0,30,"寄生植物——白鹭花","",0,18,0,0,622,0,False,0,0,0,0,0,0,0,0,0,0,0,0,0,0,0,0,0,0,0,0,0,0,0,0,0,0,0,0,0,0,0,0,0,0,0,0,0,100,0,0,0,-1,0,0,0,0,False
35013,13,0,30,"猩红死妖姬——卡蜜拉","",0,18,0,0,623,0,False,0,0,0,0,0,0,0,0,0,0,0,0,0,0,0,0,0,0,0,0,0,0,0,0,0,0,0,0,0,0,0,0,0,0,0,0,0,100,0,0,0,-1,0,0,0,0,False
35014,13,0,30,"陪葬","",0,18,0,0,624,0,False,0,0,0,0,0,0,0,0,0,0,0,0,0,0,0,0,0,0,0,0,0,0,0,0,0,0,0,0,0,0,0,0,0,0,0,0,0,100,0,0,0,-1,0,0,0,0,False
35015,13,0,30,"来自亚拉戈的威胁——斗兽系统","",0,18,0,0,625,0,False,0,0,0,0,0,0,0,0,0,0,0,0,0,0,0,0,0,0,0,0,0,0,0,0,0,0,0,0,0,0,0,0,0,0,0,0,0,100,0,0,0,-1,0,0,0,0,False
35016,13,0,30,"怪力兽王——迪克巴朗","",0,18,0,0,626,0,False,0,0,0,0,0,0,0,0,0,0,0,0,0,0,0,0,0,0,0,0,0,0,0,0,0,0,0,0,0,0,0,0,0,0,0,0,0,100,0,0,0,-1,0,0,0,0,False
35017,13,0,30,"刚柔铁巨人——克利俄斯改","",0,18,0,0,627,0,False,0,0,0,0,0,0,0,0,0,0,0,0,0,0,0,0,0,0,0,0,0,0,0,0,0,0,0,0,0,0,0,0,0,0,0,0,0,100,0,0,0,-1,0,0,0,0,False
35018,13,0,30,"爆破死斗","",0,18,0,0,628,0,False,0,0,0,0,0,0,0,0,0,0,0,0,0,0,0,0,0,0,0,0,0,0,0,0,0,0,0,0,0,0,0,0,0,0,0,0,0,100,0,0,0,-1,0,0,0,0,False
35019,13,0,30,"魅惑芳香——反光丽贝卡","",0,18,0,0,629,0,False,0,0,0,0,0,0,0,0,0,0,0,0,0,0,0,0,0,0,0,0,0,0,0,0,0,0,0,0,0,0,0,0,0,0,0,0,0,100,0,0,0,-1,0,0,0,0,False
35020,13,0,30,"著名组合——奥尔特罗斯&提丰","",0,18,0,0,630,0,False,0,0,0,0,0,0,0,0,0,0,0,0,0,0,0,0,0,0,0,0,0,0,0,0,0,0,0,0,0,0,0,0,0,0,0,0,0,100,0,0,0,-1,0,0,0,0,False
35021,13,0,30,"愤怒合成兽——阿帕德马克","",0,18,0,0,631,0,False,0,0,0,0,0,0,0,0,0,0,0,0,0,0,0,0,0,0,0,0,0,0,0,0,0,0,0,0,0,0,0,0,0,0,0,0,0,100,0,0,0,-1,0,0,0,0,False
35022,13,0,30,"爆炸湮灭——先祖爆弹怪","",0,18,0,0,632,0,False,0,0,0,0,0,0,0,0,0,0,0,0,0,0,0,0,0,0,0,0,0,0,0,0,0,0,0,0,0,0,0,0,0,0,0,0,0,100,0,0,0,-1,0,0,0,0,False
35023,13,0,30,"魔兽皇太子——贝希摩斯太子","",0,18,0,0,633,0,False,0,0,0,0,0,0,0,0,0,0,0,0,0,0,0,0,0,0,0,0,0,0,0,0,0,0,0,0,0,0,0,0,0,0,0,0,0,100,0,0,0,-1,0,0,0,0,False
35024,13,0,30,"异形人偶师——艾匹罗基","",0,18,0,0,634,0,False,0,0,0,0,0,0,0,0,0,0,0,0,0,0,0,0,0,0,0,0,0,0,0,0,0,0,0,0,0,0,0,0,0,0,0,0,0,100,0,0,0,-1,0,0,0,0,False
35025,13,0,30,"邪恶青魔法师——启示者","",0,18,0,0,635,0,False,0,0,0,0,0,0,0,0,0,0,0,0,0,0,0,0,0,0,0,0,0,0,0,0,0,0,0,0,0,0,0,0,0,0,0,0,0,100,0,0,0,-1,0,0,0,0,False
35026,0,0,60,"","",0,18,0,0,0,0,False,0,0,0,0,0,0,0,0,0,0,0,0,0,0,0,0,0,0,0,0,0,0,0,0,0,0,0,0,0,0,0,0,0,0,0,0,0,100,0,0,0,-1,0,0,0,0,False
40000,0,0,60,"","",0,18,0,0,0,0,False,0,0,0,0,0,0,0,0,0,0,0,0,0,0,0,0,0,0,0,0,0,0,0,0,0,0,0,0,0,0,0,0,0,0,0,0,0,100,0,0,0,-1,0,0,0,0,False
40001,5,0,30,"狼狱水上竞技场","狼狱水上竞技场（30级）",1082,1,0,0,121,1,False,0,0,0,0,0,1,0,0,0,0,0,0,0,0,0,0,0,0,0,0,0,0,0,0,0,0,0,0,0,0,0,0,0,0,0,0,0,100,0,0,0,-1,2,0,0,0,False
40002,0,0,0,"","",0,0,0,0,0,0,False,0,0,0,0,0,0,0,0,0,0,0,0,0,0,0,0,0,0,0,0,0,0,0,0,0,0,0,0,0,0,0,0,0,0,0,0,0,0,0,0,0,0,0,0,0,0,False
40003,0,0,0,"","",0,0,0,0,0,0,False,0,0,0,0,0,0,0,0,0,0,0,0,0,0,0,0,0,0,0,0,0,0,0,0,0,0,0,0,0,0,0,0,0,0,0,0,0,0,0,0,0,0,0,0,0,0,False
40004,0,0,0,"","",0,0,0,0,0,0,False,0,0,0,0,0,0,0,0,0,0,0,0,0,0,0,0,0,0,0,0,0,0,0,0,0,0,0,0,0,0,0,0,0,0,0,0,0,0,0,0,0,0,0,0,0,0,False
40005,0,0,0,"","",0,0,0,0,0,0,False,0,0,0,0,0,0,0,0,0,0,0,0,0,0,0,0,0,0,0,0,0,0,0,0,0,0,0,0,0,0,0,0,0,0,0,0,0,0,0,0,0,0,0,0,0,0,False
40006,0,0,0,"","",0,0,0,0,0,0,False,0,0,0,0,0,0,0,0,0,0,0,0,0,0,0,0,0,0,0,0,0,0,0,0,0,0,0,0,0,0,0,0,0,0,0,0,0,0,0,0,0,0,0,0,0,0,False
40007,0,0,0,"","",0,0,0,0,0,0,False,0,0,0,0,0,0,0,0,0,0,0,0,0,0,0,0,0,0,0,0,0,0,0,0,0,0,0,0,0,0,0,0,0,0,0,0,0,0,0,0,0,0,0,0,0,0,False
40008,5,0,6,"群狼盛宴 (4对4 / 练习赛)","群狼盛宴 (4对4 / 练习赛)",367,1,0,0,143,8,False,0,0,0,0,0,8,0,0,0,0,0,20,20,10,0,0,0,0,0,0,0,0,0,0,0,0,0,0,0,0,0,0,0,0,0,0,0,100,0,0,40001,-1,2,0,0,0,False
40009,0,0,0,"","",0,0,0,0,0,0,False,0,0,0,0,0,0,0,0,0,0,0,0,0,0,0,0,0,0,0,0,0,0,0,0,0,0,0,0,0,0,0,0,0,0,0,0,0,0,0,0,0,0,0,0,0,0,False
40010,5,0,6,"群狼盛宴 (4对4 / 段位赛)","",367,1,0,0,145,10,False,0,0,0,0,0,10,0,0,0,0,0,20,20,10,0,0,0,0,0,0,0,0,0,0,0,0,0,0,0,0,0,0,0,0,0,0,0,100,0,0,40001,-1,1,0,0,0,False
40011,0,0,0,"","",0,0,0,0,0,0,False,0,0,0,0,0,0,0,0,0,0,0,0,0,0,0,0,0,0,0,0,0,0,0,0,0,0,0,0,0,0,0,0,0,0,0,0,0,0,0,0,0,0,0,0,0,0,False
40012,5,0,6,"★群狼盛宴 (4对4 / 固定队专用)","★群狼盛宴 (4对4 / 4人专用)",367,1,0,0,185,11,False,0,0,0,0,0,998,0,0,0,0,0,0,0,0,0,0,0,0,0,0,0,0,0,0,0,0,0,0,0,0,0,0,0,0,0,0,0,100,0,0,0,-1,1,0,0,0,False
40013,0,0,0,"","",0,0,0,0,0,0,False,0,0,0,0,0,0,0,0,0,0,0,0,0,0,0,0,0,0,0,0,0,0,0,0,0,0,0,0,0,0,0,0,0,0,0,0,0,0,0,0,0,0,0,0,0,0,False
40014,5,0,6,"群狼盛宴 (狼狱演习场：自定赛)","",367,1,0,0,201,13,False,0,0,0,0,0,13,0,0,0,0,0,0,0,0,0,0,0,0,0,0,0,0,0,0,0,0,0,0,0,0,0,0,0,0,0,0,0,100,0,0,40001,-1,2,0,0,0,False
40015,0,0,0,"","",0,0,0,0,0,0,False,0,0,0,0,0,0,0,0,0,0,0,0,0,0,0,0,0,0,0,0,0,0,0,0,0,0,0,0,0,0,0,0,0,0,0,0,0,0,0,0,0,0,0,0,0,0,False
40016,5,0,6,"群狼盛宴 (4对4 / 练习赛)","群狼盛宴 (4对4 / 练习赛)",367,1,0,0,228,15,False,0,0,0,0,0,15,0,0,0,0,0,0,0,0,0,0,0,0,0,0,0,0,0,0,0,0,0,0,0,0,0,0,0,0,0,0,0,100,40008,0,40001,-1,2,0,0,0,False
40017,0,0,0,"","",0,0,0,0,0,0,False,0,0,0,0,0,0,0,0,0,0,0,0,0,0,0,0,0,0,0,0,0,0,0,0,0,0,0,0,0,0,0,0,0,0,0,0,0,0,0,0,0,0,0,0,0,0,False
40018,5,0,6,"群狼盛宴 (4对4 / 段位赛)","",367,1,0,0,230,17,False,0,0,0,0,0,17,0,0,0,0,0,0,0,0,0,0,0,0,0,0,0,0,0,0,0,0,0,0,0,0,0,0,0,0,0,0,0,100,40010,0,40001,-1,1,0,0,0,False
40019,0,0,0,"","",0,0,0,0,0,0,False,0,0,0,0,0,0,0,0,0,0,0,0,0,0,0,0,0,0,0,0,0,0,0,0,0,0,0,0,0,0,0,0,0,0,0,0,0,0,0,0,0,0,0,0,0,0,False
40020,0,0,0,"","",0,0,0,0,0,0,False,0,0,0,0,0,0,0,0,0,0,0,0,0,0,0,0,0,0,0,0,0,0,0,0,0,0,0,0,0,0,0,0,0,0,0,0,0,0,0,0,0,0,0,0,0,0,False
40021,5,0,6,"群狼盛宴 (地衣宫演习场：自定赛)","",367,1,0,0,233,20,False,0,0,0,0,0,20,0,0,0,0,0,0,0,0,0,0,0,0,0,0,0,0,0,0,0,0,0,0,0,0,0,0,0,0,0,0,0,100,0,0,40001,-1,2,0,0,0,False
40022,5,0,6,"群狼盛宴 (战队段位赛)","",367,1,0,0,476,21,False,0,0,0,0,0,21,0,0,0,0,0,20,20,10,0,0,0,0,0,0,0,0,0,0,0,0,0,0,0,0,0,0,0,0,0,0,0,100,0,0,40001,-1,1,0,0,0,False
40023,5,0,6,"群狼盛宴 (段位赛)","",367,1,0,0,478,22,False,0,0,0,0,0,22,0,0,0,0,0,0,0,0,0,0,0,0,0,0,0,0,0,0,0,0,0,0,0,0,0,0,0,0,0,0,0,100,40010,0,40001,-1,1,0,0,0,False
40024,5,0,6,"群狼盛宴 (练习赛)","",367,1,0,0,479,23,False,0,0,0,0,0,23,0,0,0,0,0,0,0,0,0,0,0,0,0,0,0,0,0,0,0,0,0,0,0,0,0,0,0,0,0,0,0,100,40008,0,40001,-1,2,0,0,0,False
40025,5,0,6,"群狼盛宴 (水晶塔演习场：自定赛)","",367,1,0,0,480,24,False,0,0,0,0,0,24,0,0,0,0,0,0,0,0,0,0,0,0,0,0,0,0,0,0,0,0,0,0,0,0,0,0,0,0,0,0,0,100,0,0,40001,-1,2,0,0,0,False
40026,5,0,6,"群狼盛宴 (水晶塔演习场：战队自定赛)","",367,1,0,0,580,25,False,0,0,0,0,0,25,0,0,0,0,0,0,0,0,0,0,0,0,0,0,0,0,0,0,0,0,0,0,0,0,0,0,0,0,0,0,0,100,0,0,40001,-1,2,0,0,0,False
40027,0,0,60,"","",0,18,0,0,0,0,False,0,0,0,0,0,0,0,0,0,0,0,0,0,0,0,0,0,0,0,0,0,0,0,0,0,0,0,0,0,0,0,0,0,0,0,0,0,100,0,0,0,-1,0,0,0,0,False
50000,0,0,60,"","",0,18,0,0,0,0,False,0,0,0,0,0,0,0,0,0,0,0,0,0,0,0,0,0,0,0,0,0,0,0,0,0,0,0,0,0,0,0,0,0,0,0,0,0,100,0,0,0,-1,0,0,0,0,False
50001,6,0,20,"周边遗迹群 (阵地战)","周边遗迹群 (阵地战)",0,18,0,0,127,0,False,0,0,0,0,0,7,0,0,0,0,0,50,50,20,0,0,0,0,0,0,0,0,0,0,0,0,0,0,0,0,0,0,0,0,0,0,0,0,0,0,0,-1,3,0,0,0,False
50002,0,0,0,"","",0,0,0,0,0,0,False,0,0,0,0,0,0,0,0,0,0,0,0,0,0,0,0,0,0,0,0,0,0,0,0,0,0,0,0,0,0,0,0,0,0,0,0,0,0,0,0,0,0,0,0,0,0,False
50003,0,0,0,"","",0,0,0,0,0,0,False,0,0,0,0,0,0,0,0,0,0,0,0,0,0,0,0,0,0,0,0,0,0,0,0,0,0,0,0,0,0,0,0,0,0,0,0,0,0,0,0,0,0,0,0,0,0,False
50004,6,0,20,"尘封秘岩 (争夺战)","尘封秘岩 (争夺战)",0,18,0,0,130,0,False,0,0,0,8900,8900,20,0,0,0,0,0,50,50,20,0,0,0,0,0,0,0,0,0,0,0,0,0,0,0,0,0,0,0,0,0,0,0,0,0,0,50001,-1,3,0,0,0,False
50005,6,0,20,"荣誉野 (碎冰战)","荣誉野 (碎冰战)",0,18,0,0,180,0,False,0,0,0,8901,8902,21,0,0,0,0,0,50,50,20,0,0,0,0,0,0,0,0,0,0,0,0,0,0,0,0,0,0,0,0,0,0,0,0,0,0,50001,-1,3,0,0,0,False
50006,0,0,60,"","",0,18,0,0,0,0,False,0,0,0,0,0,0,0,0,0,0,0,0,0,0,0,0,0,0,0,0,0,0,0,0,0,0,0,0,0,0,0,0,0,0,0,0,0,100,0,0,0,-1,0,0,0,0,False
51000,0,0,0,"","",0,0,0,0,0,0,False,0,0,0,0,0,0,0,0,0,0,0,0,0,0,0,0,0,0,0,0,0,0,0,0,0,0,0,0,0,0,0,0,0,0,0,0,0,0,0,0,0,0,0,0,0,0,False
51001,12,0,20,"距骨研究所 (机动战)","距骨研究所 (机动战)",0,18,0,0,277,0,False,0,0,0,0,0,22,0,0,0,0,0,50,50,20,0,0,0,0,0,0,0,0,0,0,0,0,0,0,0,0,0,0,0,0,0,0,0,100,0,0,0,-1,0,0,0,0,False
51002,12,0,20,"隐塞（机动战）","隐塞（机动战）",0,18,0,0,599,0,False,0,0,0,0,0,22,0,0,0,0,0,50,50,20,0,0,0,0,0,0,0,0,0,0,0,0,0,0,0,0,0,0,0,0,0,0,0,100,0,0,0,-1,0,0,0,0,False
51003,0,0,0,"","",0,0,0,0,0,0,False,0,0,0,0,0,0,0,0,0,0,0,0,0,0,0,0,0,0,0,0,0,0,0,0,0,0,0,0,0,0,0,0,0,0,0,0,0,0,0,0,0,0,0,0,0,0,False
55000,0,0,60,"","",0,18,0,0,0,0,False,0,0,0,0,0,0,0,0,0,0,0,0,0,0,0,0,0,0,0,0,0,0,0,0,0,0,0,0,0,0,0,0,0,0,0,0,0,100,0,0,0,-1,0,0,0,0,False
55001,10,0,60,"水城宝物库","",165,18,1235,6289086,179,0,False,0,0,0,12800,12809,0,0,0,0,0,0,0,0,0,0,0,0,0,0,0,0,0,0,0,0,0,0,0,0,0,0,0,0,0,0,0,0,100,0,0,0,-1,0,0,0,0,False
55002,10,0,60,"运河宝物库","",403,18,1596,6904141,268,0,False,0,0,0,12800,12809,0,0,0,0,0,0,0,0,0,0,0,0,0,0,0,0,0,0,0,0,0,0,0,0,0,0,0,0,0,0,0,0,100,0,0,0,-1,0,0,0,0,False
55003,10,0,60,"运河宝物库深层","",403,18,1642,6904141,276,0,False,0,0,0,12800,12809,0,0,0,0,0,0,0,0,0,0,0,0,0,0,0,0,0,0,0,0,0,0,0,0,0,0,0,0,0,0,0,0,100,0,0,0,-1,0,0,0,0,False
55004,10,0,60,"运河宝物库神殿","",593,18,1854,0,586,0,False,0,0,0,12800,12809,0,0,0,0,0,0,0,0,0,0,0,0,0,0,0,0,0,0,0,0,0,0,0,0,0,0,0,0,0,0,0,0,100,0,0,0,-1,0,4,0,0,False
55005,0,0,60,"","",0,18,0,0,0,0,False,0,0,0,0,0,0,0,0,0,0,0,0,0,0,0,0,0,0,0,0,0,0,0,0,0,0,0,0,0,0,0,0,0,0,0,0,0,100,0,0,0,-1,0,0,0,0,False
60000,0,0,60,"","",0,18,0,0,0,0,False,0,0,0,0,0,0,0,0,0,0,0,0,0,0,0,0,0,0,0,0,0,0,0,0,0,0,0,0,0,0,0,0,0,0,0,0,0,100,0,0,0,-1,0,0,0,0,False
60001,9,0,60,"死者宫殿 地下1～10层","",0,18,1244,0,174,0,False,0,0,0,0,0,0,0,0,0,0,0,0,0,0,0,0,0,0,0,0,0,0,0,0,0,0,0,0,0,0,0,0,0,0,0,0,0,100,0,0,0,-1,0,0,0,0,False
60002,9,0,60,"死者宫殿 地下11～20层","",0,18,0,0,175,0,False,0,0,0,0,0,0,0,0,0,0,0,0,0,0,0,0,0,0,0,0,0,0,0,0,0,0,0,0,0,0,0,0,0,0,0,0,0,100,0,0,0,-1,0,0,0,0,False
60003,9,0,60,"死者宫殿 地下21～30层","",0,18,0,0,176,0,False,0,0,0,0,0,0,0,0,0,0,0,0,0,0,0,0,0,0,0,0,0,0,0,0,0,0,0,0,0,0,0,0,0,0,0,0,0,100,0,0,0,-1,0,0,0,0,False
60004,9,0,60,"死者宫殿 地下31～40层","",0,18,0,0,177,0,False,0,0,0,0,0,0,0,0,0,0,0,0,0,0,0,0,0,0,0,0,0,0,0,0,0,0,0,0,0,0,0,0,0,0,0,0,0,100,0,0,0,-1,0,0,0,0,False
60005,9,0,60,"死者宫殿 地下41～50层","",0,18,0,0,178,0,False,0,0,0,0,0,0,0,0,0,0,0,0,0,0,0,0,0,0,0,0,0,0,0,0,0,0,0,0,0,0,0,0,0,0,0,0,0,100,0,0,0,-1,0,0,0,0,False
60006,9,0,60,"死者宫殿 地下51～60层","",0,18,0,0,204,0,False,0,0,0,0,0,0,0,0,0,0,0,0,0,0,0,0,0,0,0,0,0,0,0,0,0,0,0,0,0,0,0,0,0,0,0,0,0,100,0,0,0,-1,0,0,0,0,False
60007,9,0,60,"死者宫殿 地下61～70层","",0,18,0,0,205,0,False,0,0,0,0,0,0,0,0,0,0,0,0,0,0,0,0,0,0,0,0,0,0,0,0,0,0,0,0,0,0,0,0,0,0,0,0,0,100,0,0,0,-1,0,0,0,0,False
60008,9,0,60,"死者宫殿 地下71～80层","",0,18,0,0,206,0,False,0,0,0,0,0,0,0,0,0,0,0,0,0,0,0,0,0,0,0,0,0,0,0,0,0,0,0,0,0,0,0,0,0,0,0,0,0,100,0,0,0,-1,0,0,0,0,False
60009,9,0,60,"死者宫殿 地下81～90层","",0,18,0,0,207,0,False,0,0,0,0,0,0,0,0,0,0,0,0,0,0,0,0,0,0,0,0,0,0,0,0,0,0,0,0,0,0,0,0,0,0,0,0,0,100,0,0,0,-1,0,0,0,0,False
60010,9,0,60,"死者宫殿 地下91～100层","",0,18,0,0,208,0,False,0,0,0,13900,13903,0,0,0,0,0,0,0,0,0,0,0,0,0,0,0,0,0,0,0,0,0,0,0,0,0,0,0,0,0,0,0,0,100,0,0,0,-1,0,0,0,0,False
60011,9,0,60,"死者宫殿 地下101～110层","",0,18,0,0,209,0,False,0,0,0,0,0,0,0,0,0,0,0,0,0,0,0,0,0,0,0,0,0,0,0,0,0,0,0,0,0,0,0,0,0,0,0,0,0,100,0,0,0,-1,0,0,0,0,False
60012,9,0,60,"死者宫殿 地下111～120层","",0,18,0,0,210,0,False,0,0,0,0,0,0,0,0,0,0,0,0,0,0,0,0,0,0,0,0,0,0,0,0,0,0,0,0,0,0,0,0,0,0,0,0,0,100,0,0,0,-1,0,0,0,0,False
60013,9,0,60,"死者宫殿 地下121～130层","",0,18,0,0,211,0,False,0,0,0,0,0,0,0,0,0,0,0,0,0,0,0,0,0,0,0,0,0,0,0,0,0,0,0,0,0,0,0,0,0,0,0,0,0,100,0,0,0,-1,0,0,0,0,False
60014,9,0,60,"死者宫殿 地下131～140层","",0,18,0,0,212,0,False,0,0,0,0,0,0,0,0,0,0,0,0,0,0,0,0,0,0,0,0,0,0,0,0,0,0,0,0,0,0,0,0,0,0,0,0,0,100,0,0,0,-1,0,0,0,0,False
60015,9,0,60,"死者宫殿 地下141～150层","",0,18,0,0,213,0,False,0,0,0,0,0,0,0,0,0,0,0,0,0,0,0,0,0,0,0,0,0,0,0,0,0,0,0,0,0,0,0,0,0,0,0,0,0,100,0,0,0,-1,0,0,0,0,False
60016,9,0,60,"死者宫殿 地下151～160层","",0,18,0,0,214,0,False,0,0,0,0,0,0,0,0,0,0,0,0,0,0,0,0,0,0,0,0,0,0,0,0,0,0,0,0,0,0,0,0,0,0,0,0,0,100,0,0,0,-1,0,0,0,0,False
60017,9,0,60,"死者宫殿 地下161～170层","",0,18,0,0,215,0,False,0,0,0,0,0,0,0,0,0,0,0,0,0,0,0,0,0,0,0,0,0,0,0,0,0,0,0,0,0,0,0,0,0,0,0,0,0,100,0,0,0,-1,0,0,0,0,False
60018,9,0,60,"死者宫殿 地下171～180层","",0,18,0,0,216,0,False,0,0,0,0,0,0,0,0,0,0,0,0,0,0,0,0,0,0,0,0,0,0,0,0,0,0,0,0,0,0,0,0,0,0,0,0,0,100,0,0,0,-1,0,0,0,0,False
60019,9,0,60,"死者宫殿 地下181～190层","",0,18,0,0,217,0,False,0,0,0,0,0,0,0,0,0,0,0,0,0,0,0,0,0,0,0,0,0,0,0,0,0,0,0,0,0,0,0,0,0,0,0,0,0,100,0,0,0,-1,0,0,0,0,False
60020,9,0,60,"死者宫殿 地下191～200层","",0,21,0,0,218,0,False,0,0,0,0,0,0,0,0,0,0,0,0,0,0,0,0,0,0,0,0,0,0,0,0,0,0,0,0,0,0,0,0,0,0,0,0,0,100,0,0,0,-1,0,0,0,0,False
60021,9,0,60,"天之御柱 1～10层","",0,18,1775,0,540,0,False,0,0,0,0,0,0,0,0,0,0,0,0,0,0,0,0,0,0,0,0,0,0,0,0,0,0,0,0,0,0,0,0,0,0,0,0,0,100,0,0,0,-1,0,0,0,0,False
60022,9,0,60,"天之御柱 11～20层","",0,18,0,0,541,0,False,0,0,0,0,0,0,0,0,0,0,0,0,0,0,0,0,0,0,0,0,0,0,0,0,0,0,0,0,0,0,0,0,0,0,0,0,0,100,0,0,0,-1,0,0,0,0,False
60023,9,0,60,"天之御柱 21～30层","",0,18,0,0,542,0,False,0,0,0,0,0,0,0,0,0,0,0,0,0,0,0,0,0,0,0,0,0,0,0,0,0,0,0,0,0,0,0,0,0,0,0,0,0,100,0,0,0,-1,0,0,0,0,False
60024,9,0,60,"天之御柱 31～40层","",0,18,0,0,543,0,False,0,0,0,0,0,0,0,0,0,0,0,0,0,0,0,0,0,0,0,0,0,0,0,0,0,0,0,0,0,0,0,0,0,0,0,0,0,100,0,0,0,-1,0,0,0,0,False
60025,9,0,60,"天之御柱 41～50层","",0,18,0,0,544,0,False,0,0,0,0,0,0,0,0,0,0,0,0,0,0,0,0,0,0,0,0,0,0,0,0,0,0,0,0,0,0,0,0,0,0,0,0,0,100,0,0,0,-1,0,0,0,0,False
60026,9,0,60,"天之御柱 51～60层","",0,18,0,0,545,0,False,0,0,0,0,0,0,0,0,0,0,0,0,0,0,0,0,0,0,0,0,0,0,0,0,0,0,0,0,0,0,0,0,0,0,0,0,0,100,0,0,0,-1,0,0,0,0,False
60027,9,0,60,"天之御柱 61～70层","",0,18,0,0,546,0,False,0,0,0,0,0,0,0,0,0,0,0,0,0,0,0,0,0,0,0,0,0,0,0,0,0,0,0,0,0,0,0,0,0,0,0,0,0,100,0,0,0,-1,0,0,0,0,False
60028,9,0,60,"天之御柱 71～80层","",0,18,0,0,547,0,False,0,0,0,0,0,0,0,0,0,0,0,0,0,0,0,0,0,0,0,0,0,0,0,0,0,0,0,0,0,0,0,0,0,0,0,0,0,100,0,0,0,-1,0,0,0,0,False
60029,9,0,60,"天之御柱 81～90层","",0,18,0,0,548,0,False,0,0,0,0,0,0,0,0,0,0,0,0,0,0,0,0,0,0,0,0,0,0,0,0,0,0,0,0,0,0,0,0,0,0,0,0,0,100,0,0,0,-1,0,0,0,0,False
60030,9,0,60,"天之御柱 91～100层","",0,21,0,0,549,0,False,0,0,0,0,0,0,0,0,0,0,0,0,0,0,0,0,0,0,0,0,0,0,0,0,0,0,0,0,0,0,0,0,0,0,0,0,0,100,0,0,0,-1,0,0,0,0,False
60031,0,0,60,"","",0,18,0,0,0,0,False,0,0,0,0,0,0,0,0,0,0,0,0,0,0,0,0,0,0,0,0,0,0,0,0,0,0,0,0,0,0,0,0,0,0,0,0,0,100,0,0,0,-1,0,0,0,0,False
61000,0,0,60,"","",0,18,0,0,0,0,False,0,0,0,0,0,0,0,0,0,0,0,0,0,0,0,0,0,0,0,0,0,0,0,0,0,0,0,0,0,0,0,0,0,0,0,0,0,100,0,0,0,-1,0,0,0,0,False
61001,14,0,120,"多玛方城战：一般桌（段位战）","",0,0,0,0,643,0,False,0,0,0,0,0,0,0,0,0,0,0,0,0,0,0,0,0,0,0,0,0,0,0,0,0,0,0,0,0,0,0,0,0,0,0,0,0,100,0,0,0,-1,0,0,0,0,False
61002,14,0,120,"多玛方城战：有段桌（段位战）","",0,0,0,0,644,0,False,0,0,0,0,0,0,0,0,0,0,0,0,0,0,0,0,0,0,0,0,0,0,0,0,0,0,0,0,0,0,0,0,0,0,0,0,0,100,0,0,0,-1,0,0,0,0,False
61003,14,0,120,"多玛方城战：4人亲友桌（带食断）","",0,0,0,0,645,0,False,0,0,0,0,0,0,0,0,0,0,0,0,0,0,0,0,0,0,0,0,0,0,0,0,0,0,0,0,0,0,0,0,0,0,0,0,0,100,0,0,0,-1,0,0,0,0,False
61004,14,0,120,"多玛方城战：4人亲友桌（不带食断）","",0,0,0,0,650,0,False,0,0,0,0,0,0,0,0,0,0,0,0,0,0,0,0,0,0,0,0,0,0,0,0,0,0,0,0,0,0,0,0,0,0,0,0,0,100,0,0,0,-1,0,0,0,0,False
61005,0,0,60,"","",0,18,0,0,0,0,False,0,0,0,0,0,0,0,0,0,0,0,0,0,0,0,0,0,0,0,0,0,0,0,0,0,0,0,0,0,0,0,0,0,0,0,0,0,100,0,0,0,-1,0,0,0,0,False
62000,15,0,60,"空军装甲驾驶员","",0,0,0,0,640,0,False,0,0,0,0,0,0,0,0,0,0,0,0,0,0,0,0,0,0,0,0,0,0,0,0,0,0,0,0,0,0,0,0,0,0,0,0,0,100,0,0,0,-1,0,0,0,0,False
62001,15,0,60,"空军装甲驾驶员","",0,0,0,0,641,0,False,0,0,0,0,0,0,0,0,0,0,0,0,0,0,0,0,0,0,0,0,0,0,0,0,0,0,0,0,0,0,0,0,0,0,0,0,0,100,0,0,0,-1,0,0,0,0,False
62002,15,0,60,"空军装甲驾驶员","",0,0,0,0,642,0,False,0,0,0,0,0,0,0,0,0,0,0,0,0,0,0,0,0,0,0,0,0,0,0,0,0,0,0,0,0,0,0,0,0,0,0,0,0,100,0,0,0,-1,0,0,0,0,False
65000,0,0,0,"","",0,0,0,0,0,0,False,0,0,0,0,0,0,0,0,0,0,0,0,0,0,0,0,0,0,0,0,0,0,0,0,0,0,0,0,0,0,0,0,0,0,0,0,0,0,0,0,0,0,0,0,0,0,False
65001,2,0,60,"","",0,18,0,0,0,0,False,0,0,0,0,0,0,0,0,0,0,0,0,0,0,0,0,0,0,0,0,0,0,0,0,0,0,0,0,0,0,0,0,0,0,0,0,0,100,0,0,0,-1,0,0,0,0,False
