#,Name,TileSize,CellSize,CellHeight,AgentHeight,AgentRadius,AgentMaxClimb,AgentMaxSlope,Unknown17,RegionMinSize,RegionMergedSize,Unknown18,MaxEdgeLength,MaxEdgeError,VertsPerPoly,DetailMeshSampleDistance,DetailMeshMaxSampleError,Unknown1,Unknown2,Unknown3,Unknown4,Unknown5,Unknown6,Unknown7,Unknown8,Unknown9,Unknown10,Unknown11,Unknown12,Unknown13,Unknown19,Unknown14,Unknown15,Unknown16,Unknown20
int32,str,single,single,single,single,single,single,single,bit&01,single,single,bit&02,single,single,single,single,single,single,single,single,single,single,single,single,single,single,single,single,single,single,bit&04,single,single,single,bit&08
0,"default",160,0.2,0.2,2,0.5,0.6,56,True,8,20,False,12,1.4,6,6,1,0.2,53,2.13,-30,11.6,9,2.8,0.001,0.04,0.01,0.1,3,0.7,True,0.4,2,0,False
11,"navimesh_test",160,0.2,0.2,2,0.5,0.6,56,True,8,20,False,12,1.4,6,6,1,0.2,53,2.13,-30,11.6,5.5,2.8,0.001,0.04,0.01,0.1,3,0.7,True,0.4,2,0,False
12,"w1d1",160,0.2,0.2,2,0.5,1,60,True,8,20,False,12,1.4,6,6,1,0.2,58,2.13,-30,10.4,5,2.8,0.001,0.04,0.01,0.1,3,0.7,False,0.4,2,10,False
13,"l1r2",160,0.2,0.2,2,0.5,1,60,True,8,20,False,12,1.4,6,6,1,0.2,58,2.13,-30,10.4,5,2.8,0.001,0.04,0.01,0.1,3,0.7,False,0.4,2,10,False
14,"r2d1",160,0.2,0.2,2,0.5,1,60,True,8,20,False,12,1.4,6,6,1,0.2,58,2.13,-30,10.4,5,2.8,0.001,0.04,0.01,0.1,3,0.7,False,0.4,2,10,False
15,"d2d4",160,0.2,0.2,2,0.5,0.6,56,True,8,20,False,12,1.4,6,6,1,0.2,53,2.13,-30,11.6,9,2.8,0.001,0.04,0.01,0.1,3,0.7,True,0.4,2,10,False
16,"r2d3",160,0.2,0.2,2,0.5,0.6,56,True,8,20,False,12,1.4,6,6,1,0.2,53,2.13,-30,11.6,9,2.8,0.001,0.04,0.01,0.1,3,0.7,True,0.4,2,10,False
148,"r1f1",160,0.2,0.2,2,0.5,1,60,True,8,20,False,12,1.4,6,6,1,0.2,58,2.13,-30,10.4,5,2.8,0.001,0.04,0.01,0.1,3,0.7,False,0.4,2,0,True
